id,title,summary_category,predicted_category,confidence,match
23,"U.S. needs to keep its friends closer, Pence says",Politics,POLITICS,0.8990426063537598,False
256,‘Him’ Review: A Look Into the Backrooms of Football,Entertainment,ENTERTAINMENT,0.7279409170150757,False
24,‘Vibes or hunches’ don’t help win elections,Politics,POLITICS,0.4178442656993866,False
485,"
Harvard Football: Harvard 59, Stetson 7

",Sports,SPORTS,0.8042014241218567,False
558,"Why Pandemics Don't End
",Health,LIFESTYLE & WELLNESS,0.3797254264354706,False
25,"A hopeful dystopia, simple recipe, and ‘circuitous reunion’",Culture,ARTS,0.27074483036994934,False
358,AI in Music: Where Machine Meets Man,Technology,TECH,0.7248517870903015,False
36,Artificial intelligence may not be artificial,Science,SCIENCE,0.9077783226966858,False
37,What science says about Mom’s happiness advice,Science,LIFESTYLE & WELLNESS,0.4024638235569,False
27,"Corporatization of healthcare gets too much of a bad rap, analyst says",Healthcare,BUSINESS & FINANCE,0.67996746301651,False
503,"Bedtime Story
",Health,SCIENCE,0.6882666945457458,False
29,"U.S. just didn’t get China, Bolton says",Politics,NEWS,0.5122873783111572,False
30,Smart patch reduces cravings for alcohol and drugs,Health,LIFESTYLE & WELLNESS,0.7924742698669434,False
32,You want chocolate. You need flavanols.,Health,LIFESTYLE & WELLNESS,0.5053020119667053,False
567,"Empowering Appalachia 
",Politics,FIFTY,0.2519035339355469,False
597,"Harvard Business School Rock Center for Entrepreneurship Announces 2025-2026 Entrepreneurs-in-Residence, Venture Capital Advisors, and Legal Specialists",Business,BUSINESS & FINANCE,0.6226296424865723,False
34,"‘I exist solely for you, remember?’",Technology,TECH,0.6772083044052124,False
623,"
        New Insights Into Harmful Mutations in Sperm
            ",Science,SCIENCE,0.880220890045166,False
624,"
        Building Stronger Health Systems Saves Lives, Madagascar Experiment Shows
            ",Health,IMPACT,0.5716262459754944,False
632,"
        An AI System With Detailed Diagnostic Reasoning Makes Its Case
            ",Health,SCIENCE,0.7682989835739136,False
798,,Unknown,SCIENCE,0.7685983180999756,False
3,AI in 2025,Unknown,TECH,0.5155504941940308,False
490,"
Highlighting Harvard Magazine’s Fellows

",Education,EDUCATION,0.28951960802078247,False
502,"
At Harvard, Fall Brings Change

",Education,EDUCATION,0.9173400402069092,False
530,"Harvard Griffin GSAS Expands PhD Financial Support
",Education,EDUCATION,0.9501099586486816,False
605,Harvard Law Today,Education,EDUCATION,0.5665894746780396,False
17,"A condition more common than asthma or diabetes, yet often ignored",Science,SCIENCE,0.4347185492515564,False
571,"Welcome to the 2022-2023 Academic Year
",Education,EDUCATION,0.9101327657699585,False
581,"GSAS Emergency Support Initiative
",Education,EDUCATION,0.9137064218521118,False
595,Harvard Business School Announces Its 2025-2026 Blavatnik Fellows,Business,SCIENCE,0.23580801486968994,False
14,‘Human exceptionalism is at the root of the ecological crisis’,Environment,ENVIRONMENT,0.46745765209198,False
15,Lauren Williams awarded MacArthur ‘genius grant’,Science,SCIENCE,0.9078896641731262,False
621,"
        Making Real Gains in the War on Alzheimer’s
            ",Health,FIFTY,0.3588821291923523,False
630,"
        Exploring CRISPR Technology To Enhance Cancer Immunotherapy
            ",Science,SCIENCE,0.7301042079925537,False
749,,Unknown,SCIENCE,0.7685983180999756,False
21,Rebutting ‘myths of inequality’,Economics,BUSINESS & FINANCE,0.8283528685569763,False
576,"Congratulations to the 2024 Commencement Marshals!
",Education,EDUCATION,0.8913220763206482,False
856,Haritosh Patel on Sniffing Out a Solution to Indoor Air Pollution,Unknown,ENVIRONMENT,0.8064629435539246,False
508,"Bridging Electricity and Chemistry
",Science,SCIENCE,0.7126217484474182,False
4,BlaBlaBla,Unknown,LIFESTYLE & WELLNESS,0.24132806062698364,False
6,‘Dry January’ helped drive drinking rates to 96-year low,Health,LIFESTYLE & WELLNESS,0.7656657695770264,False
12,"Richard Goody, 102",Science,SCIENCE,0.9465423822402954,False
13,Cancer is rising among younger people — why?,Health,LIFESTYLE & WELLNESS,0.665401041507721,False
631,"
        AI Distinguishes Glioblastoma From Look-Alike Cancers During Surgery
            ",Health,SCIENCE,0.8965038657188416,False
5,Want Americans to love EVs? Fix this.,Technology,ENVIRONMENT,0.5722047090530396,False
7,"Time for mandatory retirement ages for lawmakers, judges, presidents?",Politics,FIFTY,0.9234060049057007,False
8,Brief bursts of wisdom,Culture,FIFTY,0.23597374558448792,False
9,"Flew home as Will Flintoft, returned as Rhodes Scholar",Education,EDUCATION,0.6008769869804382,False
10,What will AI mean for humanity?,Technology,SCIENCE,0.5611006021499634,False
11,"Tai Tsun Wu, 90",Science,SCIENCE,0.9143277406692505,False
600,Harvard Business School Professor Emeritus Jay W. Lorsch Dies at 92,Business,BUSINESS & FINANCE,0.9144335389137268,False
16,Chilling discovery,Science,SCIENCE,0.9626526236534119,False
18,‘She had a sense of caring for everybody that she encountered.’,Science,SCIENCE,0.7144542932510376,False
19,A real butterfly effect,Science,SCIENCE,0.8712772727012634,False
38,Marking 100 years of Norton Lectures,Arts & Culture,ARTS,0.7789574265480042,False
40,A homecoming for Adams House alums,Education,ARTS,0.43525558710098267,False
565,"Your Brain on Nature 
",Environment,ENVIRONMENT,0.4953586161136627,False
566,"Studying the Stigma of Sexual Violence 
",Health,WOMEN,0.247087299823761,False
568,"Colloquy Podcast: Buying Time in the Fight Against Climate Change 
",Environment,ENVIRONMENT,0.8785166144371033,False
602,Harvard Law Today,Education,ARTS,0.5067418813705444,False
44,"Retro tech, a Tibetan gem, and a galactic empire",Culture,FIFTY,0.37321996688842773,False
45,Sardis named a UNESCO World Heritage Site,Cultural Heritage,SCIENCE,0.6311026215553284,False
47,Lawrence Katz named Citation Laureate,Science,BUSINESS & FINANCE,0.5359849333763123,False
49,Why is your head not exploding? Steven Pinker can explain.,Science,SCIENCE,0.2991209924221039,False
50,What’s driving decline in U.S. literacy rates?,Education,EDUCATION,0.8163242340087891,False
52,How close are we to having chatbots officially offer counseling?,Health,TECH,0.6233673095703125,False
54,"Allston-Brighton City Council Candidates Go Head to Head, but Present Similar Progressive Policies at Election Forum",Politics,POLITICS,0.23988009989261627,False
55,"As Students in the AI Age, This Is the Choice We Face.",Education,EDUCATION,0.6749798655509949,False
57,Harvard Is a Liberal Arts School. Our Courses Don’t Reflect That.,Education,EDUCATION,0.8969904184341431,False
59,The Great Northeast Jug Band Festival: When the Audience Becomes the Band,Arts & Culture,ARTS,0.9009886384010315,False
60,Author Profile: Sarah Aziza on Crisis Reporting and the Music of the Book,Arts & Culture,MEDIA,0.40325161814689636,False
61,‘Vie’ Album Review: Is Doja Cat Playing Her Cards Right?,Arts & Entertainment,ENTERTAINMENT,0.7695716023445129,False
604,Harvard Law Today,Politics,POLITICS,0.7583611011505127,False
68,"No. 22 Harvard Football Looks to Carry Momentum Against Cornell, Stay Undefeated",Sports,SPORTS,0.8868748545646667,False
69,Welcome to Harvard. Everything is Fine. (Seriously.),Education,EDUCATION,0.8963570594787598,False
70,Harvard Student Thesis Play ‘Ugly Feelings’ Evolves Into Professional Staged Reading With Fresh Ink and CHUANG Stage,Arts & Culture,ARTS,0.6432294249534607,False
71,Dissent: Much Ado About Nothing,Education,EDUCATION,0.936765730381012,False
72,Harvard’s DEI Rebrand Will Serve It Well,Education,EDUCATION,0.9460616707801819,False
73,Harvard Doesn’t Think You Deserve a Seat at the Table,Labor,EDUCATION,0.9269311428070068,False
74,‘Sacramento’ Review: Road Trip Comedy Proves Life is in Fact a Highway,Arts & Entertainment,ENTERTAINMENT,0.2827860713005066,False
76,Can’t Concentrate? Lose the Double.,Education,EDUCATION,0.9313239455223083,False
77,Echoes of a King: A Retrospective on the Career of Chadwick Boseman,Culture,BLACK VOICES,0.9269457459449768,False
79,"On Mental Health, Harvard Isn’t Out of the Woods Yet",Education,EDUCATION,0.9224257469177246,False
64,Harvard Theater: Fall 2025 Season Preview,Arts & Culture,ARTS,0.810152530670166,False
65,McGonagle’s Review: Pub Lives Up to the Publicity,Lifestyle,FOOD & DRINK,0.8454932570457458,False
66,‘The Hills of California’ Review: Set Up for Success but Missing the Mark,Arts & Culture,ARTS,0.8930150866508484,False
67,"Open Sesame: Students Celebrate Grand Opening of PopUp Bagels with DJ, Merch",Business,EDUCATION,0.5497203469276428,False
607,Harvard Law Today,Politics,ENVIRONMENT,0.9421113133430481,False
634,Harvard Kennedy School awards faculty grants for timely research at this moment of significant policy and institutional change,Social Science,IMPACT,0.6689872741699219,False
84,Futago Udon Review: Homemade Noodles in the Heart of Boston,Food & Drink,FOOD & DRINK,0.7104163765907288,False
85,Artist Profile: Jay Shetty On Meaningful Conversations and the ‘On Purpose Live Tour’,Lifestyle,ARTS,0.7906695008277893,False
86,"Himalayan Kitchen Restaurant Review: Off the Beaten Path, Onto the Perfect Plate",Food & Drink,FOOD & DRINK,0.6408594250679016,False
88,‘Squid Game’ Season 2 Review: A Terrifying Critique of Modern Materialism,Entertainment,ENTERTAINMENT,0.48919543623924255,False
89,Rugby Remains Unbeaten With Senior Day Success against Sacred Heart,Sports,SPORTS,0.6604042649269104,False
91,Former Supreme Court Justice Stephen Breyer Applauds Legal Pragmatism at HLS Symposium,Law,POLITICS,0.5841130614280701,False
93,Lou’s Makes Its Own Kind of Music in Harvard Square,Lifestyle,ARTS,0.5288650989532471,False
94,Building Harvard: The Harvard Art Museums,Arts & Culture,ARTS,0.8047785758972168,False
95,All Harvard Students Should Study Abroad,Education,EDUCATION,0.8717293739318848,False
97,The Cultural Impact of the Celtics Should Not Be Ignored,Sports,SPORTS,0.4537701904773712,False
98,"Speak on Principle, Not for What It Gets You",Education,EDUCATION,0.9488846659660339,False
100,"‘The White Lotus’ Season 3 Review: Lorazepam, Tsunamis, Buddhism, and a Gold Mine of Untapped Potential",Entertainment,ENTERTAINMENT,0.6178278923034668,False
82,‘Thunderbolts*’ Review: A Triumphant Return to Form,Entertainment,ENTERTAINMENT,0.8494522571563721,False
610,Harvard Law Today,Politics,BLACK VOICES,0.4686700999736786,False
104,Harvard’s Lawsuit Proves That Resistance Is Possible,Politics,EDUCATION,0.9143131375312805,False
105,This Isn’t Negotiation. It’s Authoritarian Extortion.,Politics,EDUCATION,0.9241006970405579,False
106,Since When Does Trump Care About Grades?,Politics,EDUCATION,0.9241076111793518,False
108,Harvard Authors Profile: Elizabeth C. Lim ’08 Writes With a ‘Different Sort of Magic’,Arts & Culture,ARTS & CULTURE,0.46958982944488525,False
109,‘Adolescence’ Review: A Stunning Reconstruction of the Crime Thriller,Entertainment,ENTERTAINMENT,0.6372246146202087,False
111,‘Until Dawn’ Review: Sandberg Offers a Familiar Yet Entertaining Horror Experience,Entertainment,ENTERTAINMENT,0.6974533200263977,False
112,My Lab Displayed A Message of Solidarity on Our Windows. Harvard Took It Down.,Education,EDUCATION,0.5013588666915894,False
114,‘Ruth’ Review: A Ruthless Critique of Kate Riley’s Christian Communist Novel,Arts & Culture,ARTS,0.37467047572135925,False
115,Applicants: Improving Harvard’s Speech Culture is Worth the Hassle,Education,EDUCATION,0.9076607823371887,False
117,‘Another Simple Favor’ Review: Do Yourself a Simple Favor and Skip It,Entertainment,ENTERTAINMENT,0.4825585186481476,False
118,"At Harvard Talk, World Wide Web Inventor Tim Berners-Lee Says Today’s Internet Exploits Users for Data",Technology,TECH,0.9108420014381409,False
183,Harvard Demolishes Brown 41-7 in Ivy League Opener,Sports,SPORTS,0.7139596939086914,False
119,Harvard Can’t Afford to Neglect the Humanities,Education,EDUCATION,0.902573823928833,False
121,Artist Profile: The Stage Managing Duo of Em N. Barnes ’25 and Liz A. Resner ’25,Arts & Culture,ARTS,0.8597387075424194,False
612,Harvard Law Today,Public Policy,BUSINESS & FINANCE,0.31175339221954346,False
125,"Kyo Matcha Review: ‘Let The Tea Return to the Forest,’ or at Least to Boston",Food,FOOD & DRINK,0.8219257593154907,False
126,Reload Ethical Entrepreneurship at Harvard,Technology,TECH,0.4049564599990845,False
127,Harvard Women's Rugby Wins Ivy League Title Against Dartmouth After Last-Minute Try,Sports,SPORTS,0.4499611556529999,False
129,What Happened to HBS’s ‘Highest Aspirations’?,Education,EDUCATION,0.7836200594902039,False
130,Decline in Protest Spells Trouble for Harvard,Education,EDUCATION,0.42107588052749634,False
132,Want to File a Discrimination Complaint? Good Luck.,Education,EDUCATION,0.9549415707588196,False
133,Fight Fiercely for Harvard Values,Education,EDUCATION,0.9110933542251587,False
135,School Committee Urges New Superintendent to Address MCAS Performance Gaps,Education,EDUCATION,0.8262048363685608,False
136,Dream Pop or the Dream of Every Pop Star?: ‘Heaven or Las Vegas’ Turns 35,Arts & Culture,ARTS,0.4331143796443939,False
138,Car Seat Headrest Concert Review: Operatic in Scale and Emotion,Arts & Culture,ARTS,0.6873540878295898,False
139,The Clip is the Film: Shock as Value is Ruining Cinema,Culture,ARTS,0.41049298644065857,False
141,"‘Stage Kiss’ Review: Appropriately Steamy, If Not Smooth",Arts & Culture,ARTS,0.7892691493034363,False
142,Giving Up Federal Funds Would Do Harvard Good,Politics,EDUCATION,0.9243343472480774,False
144,Harvard DJ Duo Courantes Brings Improvised Currents to Boiler Room Benefit,Arts & Culture,ARTS,0.7570374608039856,False
149,‘Good Girl’ Review: Emotional Excess and Existentialism,Arts & Culture,ARTS,0.6477084159851074,False
150,Merai Review: Dive Bar Spices Up the Boston Dining Scene,Food & Drink,FOOD & DRINK,0.5424932837486267,False
152,Harvard Students Are Snowflakes. Is That a Good Thing?,Society,EDUCATION,0.9155353307723999,False
153,‘Celtics City’ Premiere Review: A Refresher on Boston Greatness,Sports,SPORTS,0.8514872193336487,False
154,‘Education Based on Income’: Cambridge’s Child Care Puzzle,Social Issues,EDUCATION,0.44803741574287415,False
155,Harvard Can’t Force Discourse,Education,EDUCATION,0.9328728318214417,False
156,‘mind’s eye’ Review: HRMDC Feels It All,Arts & Entertainment,ARTS,0.9000238180160522,False
158,An Artistic Dedication to Loss: Yo-Yo Ma and the BSO Shake Symphony Hall,Arts & Culture,ARTS,0.9145998358726501,False
159,Anachronism Gone Wild: ‘Wuthering Heights’ and the Modern Period Drama,Arts & Culture,ARTS,0.3782888650894165,False
161,It’s High Time for Emergency Preparedness at Harvard,Public Safety,EDUCATION,0.949834406375885,False
162,"Dreams within Dreams, Films within Films: An Analysis of Christopher Nolan’s Metacinema",Film,ARTS,0.47616568207740784,False
146,"No. 4 Harvard Field Hockey Topples Dartmouth and Northeastern, Matches Best Season Start Since 1976",Sports,SPORTS,0.7374136447906494,False
148,‘Joana Choumali: Languages of West African Marketplaces’ Review: A Poignant Question Between the Threads of Fast Fashion,Arts & Culture,ARTS,0.9057576060295105,False
151,"‘There Is No Right Routine’: Zoulfa Katouh on Inspiration, Deadlines, and Navigating Growth",Arts & Culture,ARTS,0.5007380843162537,False
533,"At the Frontier of Intelligence 
",Science,SCIENCE,0.7927879095077515,False
614,Harvard Law Today,Law,POLITICS,0.21671493351459503,False
165,‘American Primeval’ Review: The Untold Stories of the Frontier,Entertainment,ARTS,0.39486104249954224,False
167,"To Avoid Federal Micromanagement, Harvard Must Earn Trust",Politics,EDUCATION,0.8771527409553528,False
168,The Reports Are Out — Now It’s Our Turn.,Education,EDUCATION,0.8223681449890137,False
170,A Critical Eye: Alternative Visions of Motherhood at the Harvard Film Archive,Arts & Culture,ARTS,0.47222310304641724,False
171,Novartis Global Health Head Touts Commitment to Fight Diseases in ‘Market Failures’ at HBS Talk,Business,IMPACT,0.5905728340148926,False
173,‘The Roses’ Review: Every Rose Has Its Thorn,Arts & Entertainment,ENTERTAINMENT,0.2352452427148819,False
174,Black Ruby Review: A Gem in the Fusion Landscape,Lifestyle,FOOD & DRINK,0.8201196193695068,False
175,‘Implementer of Work’: Sumbul Siddiqui Runs for Fifth Term on City Council,Politics,IMPACT,0.34065932035446167,False
177,‘Shakespeare Was a Bit of a Fanboy’: The Confluence of History and Literature in Marie Rutkoski’s Fiction,Arts & Culture,ARTS & CULTURE,0.45659583806991577,False
178,‘Primary Trust’ Review: A Looking Glass Etched with Trauma,Arts & Culture,ARTS,0.8199493288993835,False
180,Norma Kamali NYFW Spring/Summer 2026 Collection Review: A Homage to Her Classics,Fashion,STYLE,0.8204442858695984,False
181,No. 25 Harvard Takes Down Holy Cross 59-24 in Dominant Road Performance,Sports,SPORTS,0.8945850133895874,False
636,Harvard Kennedy School’s Greater Boston Applied Field Lab demonstrates remarkable impact on Massachusetts communities as the program celebrates its 20th anniversary,Education,ENVIRONMENT,0.37093856930732727,False
186,The Free Speech Battle Isn’t Over Yet,Politics,EDUCATION,0.701862096786499,False
187,Music 110 Finds Strength in Softness for Opening Concert,Arts & Culture,ARTS,0.9142403602600098,False
189,‘A Man of No Importance’ Review: Putting the Community in Community Theater,Arts & Culture,ARTS,0.891592264175415,False
190,Harvard’s Breaking With Birzeit Was the Right Move,Education,RELIGION,0.38767972588539124,False
192,‘Songs for a New World’ Review: A Collection of Pivotal Moments in the Timeless Search for Self Discovery,Arts & Culture,ARTS,0.8556863069534302,False
194,Ethel Cain Concert Review: What If God Weren’t Merciful?,Arts & Culture,ARTS,0.861807107925415,False
195,‘The Light in the Piazza’ Review: Love is Blonde,Arts & Culture,ARTS,0.8287887573242188,False
196,Harvard Film Archive Temporarily Closed After Burst Pipe Flooding in Carpenter Center,Education,ARTS,0.5090959668159485,False
198,‘The Triumph of Love’ Review: A Night of Hilarious Romantic Entanglements,Arts & Culture,ARTS,0.8591098189353943,False
200,School Committee Candidates Say They Want to Close Achievement Gaps. Arjun Jaikumar Says He Has A Plan.,Politics,EDUCATION,0.7720232605934143,False
201,"Harvard, You’ve Failed Radcliffe",Education,EDUCATION,0.741443395614624,False
202,What Makes Harvard Great,Politics,EDUCATION,0.8752297759056091,False
204,Harvard Defended You. Now It’s Your Turn.,Education,EDUCATION,0.9221364259719849,False
639,Longtime Harvard Kennedy School faculty member Nicholas Burns to return to HKS after serving as U.S. envoy to China ,Politics,EDUCATION,0.3874844014644623,False
209,I Could Literally Be in Italy Right Now,Lifestyle,TRAVEL,0.7470293641090393,False
211,Harvard Is Trying To Standardize its Discipline — That’s a Good Thing,Education,EDUCATION,0.9309577345848083,False
212,"Artist Profile: PeelingFlesh Talk Friendship, Inspiration, and Meow-Meow",Arts & Culture,ENTERTAINMENT,0.34481966495513916,False
214,"Harvard Women’s Volleyball Sweeps Dartmouth, Starts Ivy Play Strong",Sports,SPORTS,0.679326057434082,False
215,‘Midnight Sun’ Album Review: Zara Larsson Deserves Her (Summer) Flowers,Arts & Culture,ENTERTAINMENT,0.6200532913208008,False
217,A Rockstar’s Guide To Processing Grief: ‘Wish You Were Here’ Turns 50,Music,ENTERTAINMENT,0.5035606622695923,False
218,"‘Dancing with the Stars’  Season 33 Finale Review: Jumps, Twists, and Turns",Entertainment,ENTERTAINMENT,0.6859867572784424,False
220,"‘My Voice Matters’: Cambridge Public Schools Celebrate $50,000 Sound Equipment Grant",Education,EDUCATION,0.44910386204719543,False
221,Harvard’s Commitment to Free Speech is Half-Baked,Education,EDUCATION,0.8952959775924683,False
223,‘Notes on Infinity’ Review: In Search of Immortality — At Harvard,Arts & Culture,ARTS,0.4454232156276703,False
224,Top Five Films to Get Ready for a Fall Evening In,Entertainment,ENTERTAINMENT,0.4999066889286041,False
226,Harvard Won in Court. Research Still Isn’t Safe.,Education,EDUCATION,0.6026253700256348,False
227,Don’t Tell Aunty Review: Nothing to Write Home About,Food & Drink,FOOD & DRINK,0.8780258297920227,False
207,Outside the Dollhouse / Proof of life,Arts & Culture,FIFTY,0.34712767601013184,False
642,Harvard Impact Labs announces inaugural group of faculty members working to tackle today’s challenges,Public Policy,IMPACT,0.48862224817276,False
230,Harvard Men’s Soccer Draws No. 2 Vermont 0-0,Sports,SPORTS,0.7874792814254761,False
232,A Rare Piece of Good News at Harvard,Education,EDUCATION,0.822096049785614,False
233,"Women’s Volleyball Splits Ivy League Road Trip with Cornell, Columbia",Sports,SPORTS,0.6262943744659424,False
234,To the Class of 2025: Congratulations on a Life Lived in Four Years,Lifestyle,EDUCATION,0.8294772505760193,False
237,Artist Profile: Raymond Ablack on Catching the Acting Bug — And Never Letting Go,Entertainment,ARTS,0.7384545803070068,False
238,Dear Visitas Kids: Here’s the Truth,Education,EDUCATION,0.8924724459648132,False
240,What Josh Kraft’s Loss Says About Excessive Ambition at Harvard,Politics,EDUCATION,0.5990106463432312,False
241,Matisse Is In My Room: A Look at the Student Print Rental Program at the Harvard Art Museums,Arts,ARTS,0.8064906597137451,False
243,Harvard’s Mittal Institute and MITHAS Host ‘Intersections’ Conference: The Art and Academia of Indian Classical Dance,Arts & Culture,ARTS,0.9126933813095093,False
245,The Revolution Happening at Harvard is More Fundamental Than You Realize,Education,EDUCATION,0.9406282305717468,False
246,John Hanratty Hopes to Be A Voice for Cambridge’s Middle Class in Second Run for City Council,Politics,BUSINESS & FINANCE,0.48058491945266724,False
248,The Art of the Outside: Lorraine E. Bubar as an Artist-in-Residence at Acadia National Park,Arts & Culture,ARTS,0.7674499750137329,False
229,Autumn in Cambridge,Lifestyle,ARTS,0.4084095358848572,False
251,Charlie Kirk’s Death Isn’t About College Campuses,Politics,EDUCATION,0.7532642483711243,False
252,Philippines Senator Risa Hontiveros Says She Is ‘Open’ to 2028 Presidential Run at Harvard Talk,Politics,NEWS,0.2849021553993225,False
254,Harvard’s Hazing Crackdown Strikes the Wrong Chord,Education,EDUCATION,0.9394478797912598,False
257,"Artist Profile: From ‘Saved by the Bell’ to ‘The Buccaneers,’ Josie Totah Is on the Rise",Entertainment,ARTS,0.5464552044868469,False
258,‘The Clubhouse: A Year with the Red Sox’ Review: Digging Deep into the 162,Sports,SPORTS,0.8138229846954346,False
260,"President Garber, a Bad Deal With Trump Will Not Protect Us",Politics,EDUCATION,0.9279314279556274,False
261,"Artist Profile: Katie M. Runions ’25 on Directing, Dramaturgy, and A.R.T.’s ‘The Odyssey’",Arts & Culture,ARTS,0.794626772403717,False
263,‘After the Hunt’ Review: Because Apparently Subtext Is Too Much to Ask For,Entertainment,ARTS,0.41556403040885925,False
264,‘The Leopard’ Review: Delightful and Disturbing,Entertainment,ARTS,0.5172213912010193,False
266,Harvard’s Tuition Isn’t the Cause of College Inaccessibility,Politics,EDUCATION,0.9174240231513977,False
267,‘Good and Evil and Other Stories’ Review: A Sextet of Living and Losing,Arts & Culture,ARTS,0.7770572304725647,False
269,"This November, Vote for Housing and Bikes",Politics,IMPACT,0.5253942608833313,False
270,Learning the Language of Franz Kafka: Inside Mark Harman’s Translation,Arts & Culture,ARTS,0.7950392961502075,False
273,"‘Grosse Pointe Garden Society’ Premiere Review: Suburbia, Secrets, and Missed Opportunities",Entertainment,ENTERTAINMENT,0.48178520798683167,False
453,"
This is How Universities Die

",Education,EDUCATION,0.8107625842094421,False
275,Harvard Taught Me to Speak Out. Big Law Fired Me When I Did.,Education,EDUCATION,0.7830508947372437,False
277,‘Prime Target’ Review: The Prodigy Problem,Entertainment,ENTERTAINMENT,0.5331006050109863,False
279,Artist Profile: jigitz Is Ready for Tour,Arts & Entertainment,ARTS,0.6086397767066956,False
281,‘SNL 50’ Review: A Long But Meaningful Tribute,Entertainment,COMEDY,0.3963574171066284,False
282,Another Loss for Brown: Harvard Band Beats Record for Longest Baton,Culture,ARTS,0.36449021100997925,False
284,"A Majority of Frozen Federal Funding Has Been Restored, Harvard Says",Education,EDUCATION,0.9001423120498657,False
285,Harvard Has Purged Its Values Alongside Its DEI Websites,Education,EDUCATION,0.4653804302215576,False
287,How to Make Speech at Harvard the Freest,Education,EDUCATION,0.921852707862854,False
289,The Trump Lawsuit You Haven’t Heard of Is the Real Game Changer,Politics,EDUCATION,0.9248324632644653,False
308,“And Just Like That…” Series Finale Review: Down the Toilet,Entertainment,ENTERTAINMENT,0.5613839030265808,False
309,Dear Harvardians — Please Save the Em Dash.,Technology,EDUCATION,0.5910696983337402,False
311,Wet Leg Concert Review: On Being in Love (Again),Arts & Entertainment,ENTERTAINMENT,0.32550904154777527,False
272,Expand Interhouse Dining,Education,EDUCATION,0.9069322347640991,False
294,"‘Balancing Output with Input’: Margaret Rogerson on Writing Fantasy, Taking Breaks, and Balancing Inspiration and Hard Work",Arts & Culture,ARTS,0.3282402455806732,False
319,Hold the World to Harvard’s Standards,Education,EDUCATION,0.9520560503005981,False
295,"Artist Profile: Adam de Micco of Lorna Shore Talks Inspiration, Emotion, and Breaking Genre",Arts & Culture,ENTERTAINMENT,0.433260053396225,False
296,‘Apple Cider Vinegar’ Review: A Healthy Reminder Not to Believe Everything You See Online,Entertainment,ENTERTAINMENT,0.6754006147384644,False
297,‘A Big Bold Beautiful Journey’ Review: When a GPS Leads to Love,Arts & Entertainment,ARTS,0.5241064429283142,False
298,‘The POMtastics!’ Review: Student Film Reminds Viewers that Youth is a Mindset,Arts,ARTS,0.7499927282333374,False
300,‘be cozy’ Preview: A Realistic Questioning of Reality That Is Anything But Cozy,Arts & Culture,ARTS,0.7159655690193176,False
301,No. 4 Harvard Field Hockey Extends Historic Win Streak to 10-0,Sports,SPORTS,0.8273563981056213,False
303,‘The Wizard of THUD’ Review: THUD’s Drum-Believable Spring Performance,Arts & Culture,ARTS,0.8579049110412598,False
304,Sometimes Absence is More: Best Silent Movies for Slow Detox Days,Entertainment,ARTS,0.53729647397995,False
306,‘Smooth’ Single Review: A Much-Needed Trip Back to the Early 2010s,Entertainment,ENTERTAINMENT,0.5061172246932983,False
307,BSO Presents Mozart and Strauss: A Heroic Evening of Musical Conviction,Arts & Culture,ARTS,0.9118133187294006,False
291,‘Chicago’ Turns 50 — and It Is Still Calling Out Our Society,Arts & Culture,ARTS,0.7210851907730103,False
292,"‘F1’ Review: Hollywood Hurrah, Formula Failure",Entertainment,ENTERTAINMENT,0.6426520347595215,False
293,"Harvard President Claudine Gay Resigns, Shortest Tenure in University History",Education,EDUCATION,0.7951717376708984,False
317,Best and Worst Celebrity Looks from Coachella 2025: Who Understood and Didn’t Understand the Assignment,Entertainment,STYLE,0.7169303894042969,False
318,I’m a Non-Citizen Professor. Here’s Why I Testified Against Trump.,Politics,EDUCATION,0.8235939741134644,False
320,The Record Review Logs On: YouTubers as Music Critics,Media,ARTS,0.5247107148170471,False
321,‘Conscious of Language and Power’: Katie Kitamura on the Physical Life of Words,Arts & Culture,ARTS,0.5225192904472351,False
322,Harvard Authors Profile: Youmna M. Chamieh ’21-’22 on How to Look at the World Sideways,Arts & Culture,ARTS,0.762222945690155,False
323,‘The History of Sound’ Review: Firing On All Cylinders,Arts & Culture,ARTS,0.5091975927352905,False
324,"‘Cruel Intentions’ Review: Bold Themes, Shallow Execution",Arts & Entertainment,ENTERTAINMENT,0.3579343557357788,False
326,Close-Listening: Diving Deep into a Song’s Lyrics,Arts & Culture,ARTS,0.673452615737915,False
327,The BSO Delivers a Good Concert with a Flawed but Exciting New Piece,Arts & Culture,ARTS,0.9038253426551819,False
313,‘I Can See The Future’ Album Review: A Message on Time and Love,Arts & Culture,ARTS,0.33351394534111023,False
314,"‘The White Lotus’ Season 3 Premiere Review: Monkey See, Monkey Do",Entertainment,ENTERTAINMENT,0.4381209909915924,False
315,Elephantine Bakery Review: Parisian Allure in Seaport,Lifestyle,TRAVEL,0.7055113911628723,False
316,Witching Out in Salem,Travel,TRAVEL,0.8361743688583374,False
534,"Modeling Medical Machine Learning 
",Technology,SCIENCE,0.7913216948509216,False
535,"Medieval Google
",History,TECH,0.28915935754776,False
537,"The Right Care at the Right Time
",Health,LIFESTYLE & WELLNESS,0.4606417715549469,False
331,"Harvard, Have Some Dignity.",Education,EDUCATION,0.9153138399124146,False
657,"How We Touch
",Science,SCIENCE,0.7201118469238281,False
332,DEI May Have Failed at Harvard. So Will the Rebrand.,Education,EDUCATION,0.9386611580848694,False
333,What the Hell Happened: Bernie Sanders Introduces Clairo at Coachella,Politics,ARTS,0.5315841436386108,False
336,The Unexpected Gift of Being Quadded,Education,EDUCATION,0.841353714466095,False
337,"Lou’s Jazz Bar Review: Fair Food, Arresting Atmosphere",Lifestyle,FOOD & DRINK,0.6495885252952576,False
338,Male-Only Final Clubs Are Just Weird,Society,EDUCATION,0.773138165473938,False
340,Harvard Must Take a Stand Against Trump’s Compact,Politics,EDUCATION,0.9197795987129211,False
342,‘Vanishing World’ Review: A World Without Sex,Arts & Culture,ARTS,0.4556403160095215,False
343,Weaver’s Way / In Blue,Arts & Culture,FIFTY,0.3832765519618988,False
345,Harvard’s International Students Are People — Not Pawns,Politics,EDUCATION,0.8950714468955994,False
346,Harvard Has Lost Its Moral Compass,Education,EDUCATION,0.859768807888031,False
330,Harvard College Women’s Center’s ‘Men Aren’t Funny’: A Hysterical Inspiration,Society,ARTS,0.3088824152946472,False
350,"At Lovestruck Books’ ‘Alchemised’ Release Party, Readers Gather to Celebrate the Fanfiction-Turned-Novel",Arts & Culture,ARTS & CULTURE,0.680901288986206,False
352,Virtually Famous: Music Journalism in A Social Media World,Arts & Culture,MEDIA,0.2371169626712799,False
353,In summer I shed something / Something is Understood,Arts & Culture,FIFTY,0.5293136239051819,False
355,Trump’s Campaign Hit Harvard’s Coffers. It and America Will Suffer,Education,EDUCATION,0.9455356597900391,False
356,‘Yellowjackets’ Season 3 Review: Spring Signals Tranquil Yet Eerie Renewal,Entertainment,ENTERTAINMENT,0.610069990158081,False
360,Imagine Cafe Review: Sustainability Meets Style,Food & Drink,FOOD & DRINK,0.3389386832714081,False
361,TikTok and the Downfall of Luxury Brands,Business,BUSINESS & FINANCE,0.18496111035346985,False
363,‘Celtics City’ Review: The Celtics Deserve Better TV,Sports,SPORTS,0.3516876697540283,False
365,"Harvard On Track To Reach Net-Zero Emissions by 2026, Sustainability Report Finds",Environment,ENVIRONMENT,0.8745920658111572,False
366,Nieman Fellow Sotiris Sideris Stresses Partnership between Human Verification and AI in Data Journalism,Technology,TECH,0.4099749028682709,False
368,"Off the Beaten Path: Student Hikers Find Friendship, Peace in the Outdoors",Student Life,EDUCATION,0.8980177044868469,False
369,"After QuOffice’s Closure, Its Staff Are No Longer Confidential Resources for Students Reporting Sexual Misconduct",Education,EDUCATION,0.9316938519477844,False
349,‘The Life of a Showgirl’ Review: Not All That Glitters Is Gold,Entertainment,ENTERTAINMENT,0.763667643070221,False
437,Memento Mori: Teen-Curated MFA Exhibition Confronts Death Through Art,Arts & Culture,ARTS,0.8991029262542725,False
371,Putin doesn’t care what we think,Politics,POLITICS,0.495728999376297,False
372,How sexism in medicine continues to endanger women’s health,Health,WOMEN,0.5403665900230408,False
374,‘Raises Your Spirits’: 46th Oktoberfest Features HONK! and Filipino American Festival,Culture,LATINO VOICES,0.3272651433944702,False
375,Harvard Must Choose Engagement Over Censorship,Social Issues,EDUCATION,0.896593451499939,False
377,City Council Candidates Weigh In Against Trump Settlement at Harvard Dems Forum,Politics,EDUCATION,0.9280500411987305,False
378,McCarthy’s Brings the Beat to Porter Square,Lifestyle,EDUCATION,0.426310271024704,False
380,Harvard Cannot Be Neutral On Hate,Education,EDUCATION,0.8595693111419678,False
382,"In the Fight Over Federal Higher Education Policy, Massachusetts Is a Major Player",Politics,EDUCATION,0.6810137629508972,False
41,Clearing significant hurdle to quantum computing,Technology,SCIENCE,0.9409985542297363,False
63,"‘Andor’ Season 2, Episode 6 Review: The Best ‘Star Wars’ Writing and Acting You’ve Ever Seen",Entertainment,ENTERTAINMENT,0.7662719488143921,False
271,‘American Psycho’ 25 Years Later: Is The Enduring Cult of Bateman Iconic or Ironic?,Culture,ARTS,0.2704509198665619,False
276,Harvard Authors Profile: Soman Chainani ’01 on Reimagining Fairy Tales for a New Generation,Arts & Culture,ARTS,0.42120325565338135,False
370,Researchers report ‘astounding’ obesity surge in U.S.,Health,LIFESTYLE & WELLNESS,0.8062930107116699,False
431,Charles River Cyanobacteria Advisory Lifted Ahead of Rowing Regatta,Environment,ENVIRONMENT,0.5112839341163635,False
81,"Ringing the Lowell Bells: The ‘Great, Unfinalizable Symphony’",Culture,ARTS,0.7453537583351135,False
102,The Spirit of the United States in Washington D.C.’s Art Scene,Arts & Culture,ARTS,0.5064057111740112,False
329,TooHot Review: An Elegant and Relaxing Evening,Lifestyle,TRAVEL,0.5920723676681519,False
123,Photographing the Moon: One Man’s Quest to Capture the Lunar Surface,Science,SCIENCE,0.8476511836051941,False
145,Welcome to Worcester: No. 25 Harvard Football Ready for Road Test Against Holy Cross,Sports,SPORTS,0.8476713299751282,False
163,Artist Profile: Jared Sleisenger ’16 on The Importance of Modern Jewish Storytelling,Arts & Entertainment,ARTS,0.8443024158477783,False
184,Arts and Humanities Division Launches Public Culture Project to Promote the Humanities in Public Life,Society,EDUCATION,0.6113918423652649,False
206,‘The Grove’ Review: A Must-See Tale of Love in All Forms,Arts & Culture,ARTS,0.7710013389587402,False
228,Harvard Women’s Soccer Takes Down Princeton 2-0,Sports,SPORTS,0.7617687582969666,False
235,"From the New England Metal and Hardcore Festival 2025: Sound Bites with PeelingFlesh, Municipal Waste, and Kublai Khan TX",Entertainment,ARTS,0.41401544213294983,False
249,Senior Thesis Film ‘En Lo Que Vino y Vendrá’ Is A Love Letter Across Generations and Borders,Arts & Culture,LATINO VOICES,0.4819449782371521,False
450,"
Harvard Film Archive Spotlights Japanese Director Mikio Naruse

",Arts & Culture,ARTS,0.8947871327400208,False
645,Harvard Kennedy School’s Shorenstein Center launches “Unlocked” series to demystify government for journalists and the public,Media,MEDIA,0.7385435700416565,False
312,Harvard Investigating Security Breach After Cybercrime Group Threatens To Release Stolen Data,Technology,TECH,0.8580769300460815,False
328,Development on Harriet Jacobs House Continues Despite Pushback from Neighbors,Urban Planning,ARTS,0.1602931171655655,False
334,Athlete of the Week: Hunter Ladnier,Sports,SPORTS,0.696380615234375,False
348,Is Deinfluencing Just Another Aesthetic?,Business,TECH,0.49943700432777405,False
359,"Harvard Authors Profile: Austin E. Taylor ’21 on Her Debut Novel, Women in STEM, and Maine Roots",Arts & Culture,ARTS & CULTURE,0.3055602014064789,False
384,Celestial Duality: Debussy and Mahler at the BSO,Arts & Culture,ARTS,0.9229641556739807,False
385,"This Indigenous People’s Day, Look to HKS as a Model",Social Issues,EDUCATION,0.7246977686882019,False
389,Best Selling Author Mary Roach Encourages Humor and Transparency In Biotech,Culture,SCIENCE,0.8072590827941895,False
391,Michael Sandel Wins $1 Million Berggruen Prize for Philosophy & Culture,Culture,EDUCATION,0.5148391127586365,False
392,Rep. Seth Moulton ’01 To Face Off Against Sen. Markey in Senate Run,Politics,POLITICS,0.5827894806861877,False
393,sombr Concert Review: A Cheeky Yet Passionate Welcome to the Stage,Music,ENTERTAINMENT,0.30960726737976074,False
395,‘Steve’ Review: Everybody Has a Story Worthy of Being Heard,Entertainment,ARTS,0.3148044943809509,False
396,‘It’s Going To Feel Different’: Harvard Upperclassmen Wary of Decision to Move Back Housing Day,Education,EDUCATION,0.9423956871032715,False
399,Former Jan. 6 Prosecutor Denounces Trump’s Decision to Pardon Rioters at HLS Talk,Politics,POLITICS,0.7013229131698608,False
400,The Crimson Signs Amicus Brief in Suit Claiming Trump Admin Suppressed Noncitizens’ Speech in Student Papers,Politics,MEDIA,0.35576269030570984,False
402,"Descendant of Darby Vassall Leads Tour To Recognize Vassall’s Life, Cambridge’s History of Slavery",History,BLACK VOICES,0.3681270480155945,False
403,Trainings Can’t Stop Religious Bigotry. Here’s What Can.,Education,RELIGION,0.7538658976554871,False
405,"Nate Smith Concert Review: Live Music, Always",Arts & Culture,ARTS,0.8621437549591064,False
406,‘Edward Gorey: The Gloomy Gallery’ at Houghton Library Review: The Bleak and the Beautiful,Arts & Culture,ARTS,0.8897125124931335,False
383,When your English teacher writes a book on Taylor Swift,Arts & Culture,ARTS,0.5092786550521851,False
386,"Harvard, Former Women’s Hockey Coach Move to Mediation in Gender Discrimination Suit",Law,EDUCATION,0.7418363094329834,False
408,Harvard reports operating deficit amid federal funding cuts,Education,EDUCATION,0.878386914730072,False
411,Current-Use Donations to Harvard Hit Record $629 Million in Fiscal Year 2025,Education,EDUCATION,0.8940247893333435,False
412,‘Behind the Screen: Jane Austen Wrecked My Life’: Celebrating Austen’s 250th Birthday through Another Lens,Arts & Culture,ARTS,0.6949818730354309,False
413,Artist Profile: Sneha Shrestha on Nepali Letters and Fostering a South Asian Arts Culture,Arts & Culture,ARTS,0.8826053738594055,False
414,"Looks like a book. Reads, to some, like a threat.",Culture,ARTS,0.7114812731742859,False
415,Her science writing is not for the squeamish,Science,SCIENCE,0.9366376996040344,False
416,Over 60 and online,Society,FIFTY,0.945521891117096,False
464,"
Eat Your Potatoes Mashed, Boiled or Baked, but Hold the Fries

",Health,LIFESTYLE & WELLNESS,0.8411508202552795,False
418,Harvard Unions Stage Poster Campaign in Protest of Black Lives Matter Sign Removal,Social Issues,EDUCATION,0.879848837852478,False
420,Meet the Captains: Harvard & Radcliffe Crews Take on the Head of the Charles Regatta,Sports,EDUCATION,0.49731752276420593,False
387,"‘The Smashing Machine’ Review: A24 Found the Art in Mixed Martial Arts, But Failed to Cement the Plot",Arts & Entertainment,ENTERTAINMENT,0.6973782777786255,False
398,‘Second Sleep / Star Eyes’ Singles Review: Magdalena Bay Expands Their World,Arts & Culture,ARTS,0.5712670683860779,False
407,"‘How old are you? 70s? You’re JV, maybe next year.’",Sports,FIFTY,0.2777229845523834,False
409,Was ‘Aeneid’ critiquing or glorifying empire?,Arts & Culture,ARTS,0.6452882885932922,False
410,"Harvard Reports First Deficit Since Pandemic in Fiscal Year 2025, Sees 12% Endowment Growth",Education,EDUCATION,0.9061866402626038,False
424,Views from the Boats,Sports,SPORTS,0.228628471493721,False
425,‘It’s Unbeatable’: Sam Davidson’s Experience as a Walk-On Rower,Sports,EDUCATION,0.44231611490249634,False
426,Celebrating Rowing: Harvard’s Rowing Teams Look Forward to Head of the Charles on Home Turf,Sports,SPORTS,0.5669363737106323,False
427,Alumni Spotlight: Calliste Skouras ’24 on Returning for Head of the Charles,Sports,EDUCATION,0.5187664031982422,False
429,Lowell House Opera Returns to Historic Dining Hall With Avant-Garde ‘Postcard from Morocco’,Arts & Culture,ARTS,0.868629515171051,False
430,One Year In: Inside the Newell and Weld Boathouse Renovations,Education,EDUCATION,0.2422875016927719,False
432,HBS Professor Says AI Can Boost But Not Replace Human Creativity in HAA Webinar,Technology,TECH,0.6884312629699707,False
434,Rewind: HOCR Turns 60 Years Old,Sports,SPORTS,0.5282043814659119,False
435,A Guide to Rowing and The Head of the Charles,Sports,SPORTS,0.5288488864898682,False
466,"
Power is Knowledge

",Education,ARTS,0.38728776574134827,False
538,"Balance of Restraint
",Political Science,EDUCATION,0.3472902178764343,False
647,"Samantha Power, former USAID administrator and U.S. ambassador to the United Nations, returns to Harvard with a joint faculty appointment at the Kennedy School and the Law School",Education,IMPACT,0.3459116220474243,False
422,"As Cambridge Takes a Financial Hit, Some Candidates Look to Harvard for the Solution",Politics,EDUCATION,0.9252853989601135,False
428,"Before They Were Presidents, They Were Harvard Rowers",Education,EDUCATION,0.501973032951355,False
440,"
Harvard Professor Michael Sandel Wins Philosophy’s Berggruen Prize

",Philosophy,EDUCATION,0.6920269131660461,False
442,"
The Peabody Essex Museum Spotlights Designer Andrew Gn

",Arts & Culture,ARTS,0.6776081919670105,False
443,"
Shopping for New England-made gifts this Holiday Season

",Lifestyle,LIFESTYLE & WELLNESS,0.40337708592414856,False
445,"
A (Truly) Naked Take on Second-Wave Feminism

",Arts & Culture,ARTS,0.597459614276886,False
446,"
Parks and Rec Comedy Writer Aisha Muharrar Gets Serious about Grief

",Arts & Culture,EDUCATION,0.2766905725002289,False
447,"
Landscape Architect Julie Bargmann Transforming Forgotten Urban Sites

",Design,ARTS,0.8434538841247559,False
448,"
What of the Humble Pencil?

",Arts & Culture,ARTS,0.878447413444519,False
449,"
‘Passengers’ at A.R.T. Blends Acrobatics with Einstein’s Relativity

",Arts & Culture,ARTS,0.8570880889892578,False
451,"
Free Speech, the Bomb—and Donald Trump

",Politics,SCIENCE,0.4322845935821533,False
452,"
Why Harvard Needs International Students

",Education,EDUCATION,0.795367419719696,False
454,"
Harvard Economist Wolfram Schlenker Is Tackling Climate Change

",Environment,ENVIRONMENT,0.885624349117279,False
455,"
In Sermon, Garber Urges Harvard Community to ‘Defend and Protect’ Institutions

",Education,EDUCATION,0.6022956967353821,False
469,"
Shakespeare’s Greatest Rival

",Arts & Culture,ARTS,0.7333284616470337,False
652,Former U.S. National Security Advisor Jake Sullivan to join Harvard Kennedy School as inaugural Kissinger Professor of the Practice of Statecraft and World Order,Politics,EDUCATION,0.41278183460235596,False
444,"
The Artist Edward Gorey—and Pets—at Harvard

",Arts & Culture,ARTS,0.8586546778678894,False
458,"
A Flu Vaccine That Actually Works

",Science,LIFESTYLE & WELLNESS,0.8208882808685303,False
459,"
What Happens When Infections Stop Responding to Antibiotics?

",Health,LIFESTYLE & WELLNESS,0.6245129108428955,False
461,"
Harvard Panel Debunks the Population Implosion Myth

",Social Issues,PARENTING,0.30018430948257446,False
462,"
Why Heat Waves Make You Miserable

",Science,SCIENCE,0.574077844619751,False
463,"
Do Mitochondria Hold the Power to Heal?

",Science,SCIENCE,0.8340988755226135,False
465,"
Countway Library

",History,SCIENCE,0.32234933972358704,False
467,"
Being Undocumented in America

",Arts & Culture,ARTS,0.4368933439254761,False
468,"
Bringing Korean Stories to Life

",Arts & Culture,ARTS,0.7141058444976807,False
470,"
Harvard Plans Contingencies for International Students

",Education,EDUCATION,0.8884642124176025,False
472,"
Rachel Ruysch’s Lush (Still) Life

",Science,ARTS,0.8886715769767761,False
474,"
Green AI: Hype or Hope?

",Technology,ENVIRONMENT,0.5898874402046204,False
475,"
Five Questions with Javier Ortega-Hernández

",Science,SCIENCE,0.9305118322372437,False
477,"
How AI Is Reshaping Supply Chains

",Business,BUSINESS & FINANCE,0.7207335829734802,False
479,"
The Origins of Europe’s Most Mysterious Languages

",Science,SCIENCE,0.9425336718559265,False
480,"
At Harvard, Mike Pence Discusses Democracy and Conservatism

",Politics,POLITICS,0.6086493134498596,False
481,"
Is the Constitution Broken?

",Politics,POLITICS,0.6265127658843994,False
471,"
Ending Surveillance Capitalism

",Technology,TECH,0.4245510697364807,False
483,"
Harvard Football: Harvard 59, Holy Cross  24

",Sports,SPORTS,0.746645987033844,False
484,"
Harvard Football: Harvard 41, Brown 7

",Sports,SPORTS,0.8349939584732056,False
491,"
Motherhood and Ambition in a Pronatalist World

",Social Issues,PARENTING,0.3565099537372589,False
492,"
Two Years of Doxxing at Harvard

",Society,EDUCATION,0.7876952886581421,False
493,"
Building a Better World

",Architecture,ARTS,0.6034765839576721,False
494,"
A Higher Degree of Responsibility

",Business,BUSINESS & FINANCE,0.8629615306854248,False
495,"
The Medical-Robotics Revolution

",Technology,SCIENCE,0.7345830798149109,False
496,"
Harvard’s New Playbook for Teaching with AI

",Education,EDUCATION,0.6304183602333069,False
497,"
The Faculty of Arts and Sciences Zeroes in on the Classroom Experience

",Education,EDUCATION,0.9566046595573425,False
498,"
Three Harvardians win MacArthur Fellowships

",Education,SCIENCE,0.7070649266242981,False
499,"
Your Views on Conservatism on Campus, Doxxing, and More

",Politics,EDUCATION,0.9005714654922485,False
486,"
An International Student on Staying Silent in Trump’s America

",Politics,EDUCATION,0.6362939476966858,False
488,"
Harvard President Alan Garber Helps First-Years Move In

",Education,EDUCATION,0.9223582148551941,False
489,"
Harvard’s New Online Orientation Emphasizes Intellectual Paths

",Education,EDUCATION,0.9533414840698242,False
473,"
This Harvard Scientist Is Changing the Future of Genetic Diseases

",Science,SCIENCE,0.9554140567779541,False
505,"Bringing People Together 
",Education,EDUCATION,0.8919103741645813,False
506,"A New Take on Natural Selection 
",Science,SCIENCE,0.9194543957710266,False
507,"Spring Planning
",Education,EDUCATION,0.9477952718734741,False
511,"Peace and Violence in the Game of Thrones
",Politics,NEWS,0.497847318649292,False
512,"Planning for Fall 2021
",Education,EDUCATION,0.9016861319541931,False
514,"Foundational Leaders
",Academia,SCIENCE,0.8467040657997131,False
515,"Travel Guidance and Student Survey Update 
",Education,EDUCATION,0.8606605529785156,False
516,"Engineering a Solution to Climate Change
",Environment,ENVIRONMENT,0.921074628829956,False
517,"Colloquy Podcast: In the Snare of the Devil—What Really Caused the Salem Witch Crisis? 
",History,RELIGION,0.1322864145040512,False
539,"Higher Calling
",Military,SCIENCE,0.25911471247673035,False
569,"Welcome to the 2023-2024 Academic Year
",Education,EDUCATION,0.9227828979492188,False
593,"Harvard Business School Professor Emeritus Arthur Schleifer, Jr. Dies at 94",Education,BUSINESS & FINANCE,0.8083705902099609,False
594,Harvard Business School Announces 2025 Goldsmith Fellows,Education,IMPACT,0.7667118906974792,False
504,"What Moves Us? 
",Science,SCIENCE,0.672110378742218,False
476,"
Five Questions with Peter R. Girguis

",Science,SCIENCE,0.8843855261802673,False
519,"Who Goes to Prison Now?
",Social Science,BLACK VOICES,0.23164156079292297,False
520,"Tackling TB 
",Science,LIFESTYLE & WELLNESS,0.4311751425266266,False
525,"Colloquy Podcast: An Air Conditioner That Won’t Warm the Planet
",Science,SCIENCE,0.5999891757965088,False
526,"A Beef with Climate Change 
",Environment,ENVIRONMENT,0.9362546801567078,False
527,"Leading Learners through Loaded Conversations
",Education,EDUCATION,0.893501341342926,False
528,"From Engineer to Bioprinting Pioneer 
",Science,SCIENCE,0.915618360042572,False
529,"Before ‘Forever’
",Environment,ENVIRONMENT,0.3800989091396332,False
531,"A Historian Among Lawyers
",Education,EDUCATION,0.46876218914985657,False
659,"A Tournament to Treasure
",Technology,TECH,0.7276234030723572,False
521,"Capitalizing on the Cold War
",History,TECH,0.36696484684944153,False
522,"Statement on Protest Activity in Harvard Yard
",Education,EDUCATION,0.949488639831543,False
509,"Talkin’ ’Bout Regeneration
",Science,SCIENCE,0.806128740310669,False
523,"Find Your Center: Nourishment for the Body and Mind
",Education,EDUCATION,0.3835243880748749,False
524,"Brain Barriers and Breaking Barriers
",Science,FIFTY,0.4750151038169861,False
478,"
Why America’s Strategy For Reducing Racial Inequality Failed

",Society,BLACK VOICES,0.5369443297386169,False
542,"Space to Grow
",Technology,SCIENCE,0.44583043456077576,False
543,"Where Africa and China Meet
",International Relations,IMPACT,0.5471002459526062,False
545,"The Show Must Go On. But How? 
",Academia,ARTS,0.8686718940734863,False
547,"Master of Ceremonies
",Education,EDUCATION,0.5737360119819641,False
549,"Beyond the Dogmas of Life
",Science,SCIENCE,0.9132178425788879,False
551,"Cold Facts about Global Warming
",Science,SCIENCE,0.5802380442619324,False
553,"Stormquake: How Old Seismograms Could Reveal the Future of Hurricanes
",Science,SCIENCE,0.9270803928375244,False
554,"Overcoming the ""Everyday Horror"" of Mexico’s Drug War 
",Social Sciences,LATINO VOICES,0.5010287761688232,False
555,"Welcome to the 2024-2025 Academic Year
",Education,EDUCATION,0.9417588710784912,False
615,Harvard Law Today,Education,EDUCATION,0.3961566686630249,False
536,"A Dilemma for Democracy: To Prosecute or Not to Prosecute Political Leaders? 
",Politics,POLITICS,0.3319205045700073,False
541,"Colloquy Podcast: What Happens When Your Brain Goes to the Supermarket and Other Stories of Human Adaptability 
",Science,SCIENCE,0.7048563361167908,False
487,"
Announcing the 2025 Aloian Memorial Scholars at Harvard

",Education,EDUCATION,0.8644002079963684,False
544,"Sickness and Social Outcomes 
",Health,LIFESTYLE & WELLNESS,0.4533398449420929,False
557,"Analyzing Anesthesia
",Science,SCIENCE,0.5182469487190247,False
561,"Samajdar Named 2025 Boeing Quantum Creators Prize Winner
",Science,SCIENCE,0.9061871767044067,False
563,"Welcome to the 2021-2022 Academic Year
",Education,EDUCATION,0.9387738704681396,False
564,"A Theory of (Climate) Justice
",Environment,ENVIRONMENT,0.9024777412414551,False
570,"GAGE Final Report
",Education,EDUCATION,0.9534505009651184,False
618,Harvard Law Today,Politics,POLITICS,0.5235443115234375,False
546,"Longevity for Humanity
",Science,SCIENCE,0.3278874158859253,False
574,"Test Tube in a Drop 
",Science,SCIENCE,0.9074550271034241,False
575,"Composing for the Spaces In-Between
",Arts & Culture,ARTS,0.8757513761520386,False
662,What the Hell Happened: The AI-ification of Studio Ghibli,Technology,TECH,0.3645226061344147,False
572,"Introducing the 2025 Harvard Griffin GSAS Commencement Marshals!
",Education,EDUCATION,0.9274761080741882,False
590,Shifting Perspectives: The MBA Class of 2025 Looks Back,Education,BUSINESS & FINANCE,0.5391777157783508,False
591,Supporting HBS Faculty in Teaching with the Case Method: 20 Years of the Christensen Center for Teaching and Learning,Education,EDUCATION,0.9559063911437988,False
592,Tariffs and HBS: Q&A with Andy O’Brien,Business,BUSINESS & FINANCE,0.6410202980041504,False
619,Harvard Law Today,Business,BUSINESS & FINANCE,0.9006412029266357,False
649,Welcome to the Fall Semester,Education,EDUCATION,0.6969251036643982,False
510,"Of Cats and Communities
",Science,ENVIRONMENT,0.6917311549186707,False
548,"Observing—and Preserving—the Ozone Layer 
",Science,ENVIRONMENT,0.6992251873016357,False
579,"From Cells to Self 
",Science,SCIENCE,0.8441672325134277,False
582,Know Your HBS Staff: Shawn Alston,Career,EDUCATION,0.5187851190567017,False
584,A Quiet Addition: The New Chapel Terrace at HBS,Education,EDUCATION,0.7205972671508789,False
585,Harvard Business School Celebrates 115th Commencement,Education,BUSINESS & FINANCE,0.40511050820350647,False
587,Professors Receive Wyss Awards for Excellence in Mentoring Doctoral Students,Education,EDUCATION,0.8729550838470459,False
588,Harvard Business School Professor Emeritus H. Kent Bowen Dies at 83,Academia,BUSINESS & FINANCE,0.6715152263641357,False
589,Know Your HBS Staff: Susan Pinckney,Career,EDUCATION,0.39546799659729004,False
620,Harvard Law Bulletin,Environment,ENVIRONMENT,0.8756381273269653,False
573,"The Roots of Climate Change
",Science,ENVIRONMENT,0.865729033946991,False
577,"Balancing Books
",Education,EDUCATION,0.791222870349884,False
513,"Should We Risk Friendship?
",Humanities,RELIGION,0.7750837802886963,False
550,"Decoding Alzheimer’s 
",Science,SCIENCE,0.3532423973083496,False
578,"Updates for GSAS Students
",Education,EDUCATION,0.9322276711463928,False
598,Harvard University Announces Jill Kravetz as Harvard Innovation Labs Executive Director,Education,BUSINESS & FINANCE,0.6798704266548157,False
599,Know Your HBS Staff: Alexandra (Sasha) Watkins,Education,EDUCATION,0.9192211627960205,False
601,A Decade to Approval: Harvard’s Allston Campus Plan Explained,Urban Planning,EDUCATION,0.9017599821090698,False
603,Harvard Law Today,Health,LIFESTYLE & WELLNESS,0.5183031558990479,False
606,Harvard Law Bulletin,Politics,EDUCATION,0.43597859144210815,False
608,Harvard Law Today,Education,EDUCATION,0.6701467633247375,False
609,Harvard Law Today,Health,POLITICS,0.2955305576324463,False
611,Harvard Law Today,Law,NEWS,0.14400216937065125,False
613,Harvard Law Today,Society,BLACK VOICES,0.8800644278526306,False
616,Harvard Law Today,Energy,TECH,0.46695956587791443,False
617,Harvard Law Today,Law,SCIENCE,0.39566728472709656,False
596,Harvard Showcases Cutting-Edge AI Innovations During Boston AI Week,Technology,TECH,0.49208006262779236,False
626,"
        2025 State of the School Speech Underscores Resilience in an Unsettling Time
            ",Education,SCIENCE,0.49376580119132996,False
627,"
        Countway Library Celebrates 60th Birthday
            ",Education,EDUCATION,0.777876079082489,False
628,"
        K. Lisa Yang Brain Body Center Launches at Harvard Medical School
            ",Science,SCIENCE,0.8778916597366333,False
629,"
        The First Precision Medicine for a Genetic Heart Disease
            ",Health,LIFESTYLE & WELLNESS,0.4761520028114319,False
650,Harvard Kennedy School launches new program to provide full scholarships for American public servants and military veterans ,Education,EDUCATION,0.4589264392852783,False
20,She pioneered study of hip-hop as high art,Culture,ARTS,0.4671677052974701,False
22,"The fear: Wholesale cheating with AI at work, school. The reality: It’s complicated.",Technology,TECH,0.5864678621292114,False
26,"Live fast, die young, inspire Shakespeare",Arts & Culture,ARTS,0.6442759037017822,False
28,"Steve McQueen could lecture you, but he’s got other plans",Arts & Culture,ARTS,0.6299896240234375,False
33,Crossing line between good and bad anxiety,Health,LIFESTYLE & WELLNESS,0.841106116771698,False
676,Horrific massacre that fueled drive to end slave trade,History,ENVIRONMENT,0.4169118404388428,False
633,The Work Ahead,Public Policy,EDUCATION,0.6953277587890625,False
635,Welcome to the spring semester,Education,EDUCATION,0.5857722759246826,False
637,Harvard launches pilot initiative to tackle some of today’s biggest challenges,Education,IMPACT,0.6653506755828857,False
638,Professor Amitabh Chandra named faculty director of the Malcolm Wiener Center for Social Policy at Harvard Kennedy School,Social Policy,IMPACT,0.444423109292984,False
640,Remembering David Gergen,Politics,EDUCATION,0.6691368818283081,False
641,The 50th Harvard Youth Poll finds a generation on edge,Politics,POLITICS,0.2177600860595703,False
643,Christiane Amanpour will deliver the 2025 HKS graduation address,Education,MEDIA,0.8981873989105225,False
644,Remembering Joe Nye ,Academia,EDUCATION,0.4188136160373688,False
646,HKS rededicates its human rights research hub as the Carr-Ryan Center for Human Rights  ,Education,IMPACT,0.7900561690330505,False
648,Remembering Sandy Jencks,Society,EDUCATION,0.5572853684425354,False
799,An Update on Gr*ding at Harvard,Education,EDUCATION,0.8579184412956238,False
800,"Crystal Bakery Review: For Those With a Sweet Tooth, Worth the Trek",Food & Drink,FOOD & DRINK,0.7553457021713257,False
801,"Cambridge Voters Elect Challengers, Oust 3 Incumbents in School Committee Race",Politics,EDUCATION,0.8904359936714172,False
436,History 10 and the Fear of Facts,Education,EDUCATION,0.7353172898292542,False
653,"SEAS alum crosses over into ""Jeopardy!"" champion
",Entertainment,SCIENCE,0.28019654750823975,False
654,"Order From Disordered Proteins
",Science,SCIENCE,0.9453746676445007,False
655,"Alumni Profile: Jordan Kennedy, S.M. '18, Ph.D. '23
",Education,SPORTS,0.3187500238418579,False
656,"Programming Robots with Rubber Bands
",Science,SCIENCE,0.871269166469574,False
658,"Research Driven by the Heart
",Science,SCIENCE,0.7879685163497925,False
660,No. 18 Harvard Thrashes Merrimack 31-7 to Move to 5-0,Sports,SPORTS,0.8743299841880798,False
661,Men’s Hockey Picks Up First Preseason Victory in a Final  Appearance at Matthews Arena,Sports,SPORTS,0.8664118051528931,False
433,Former FTC Chair Lina Khan Urges Democrats to Rethink Federal Agency Function at IOP Forum,Politics,BUSINESS & FINANCE,0.6527028679847717,False
421,"‘A Conduit For the Public’: Jessica Goetz Promises School Committee Accountability, Transparency",Politics,EDUCATION,0.9310113787651062,False
500,"
Harvard In the News

",Education,EDUCATION,0.8901316523551941,False
501,"
A Changed Harvard Faces the Future

",Education,EDUCATION,0.9383708238601685,False
532," Middle Age Man
",Humanities,SCIENCE,0.5507365465164185,False
552,"Response to Department of Homeland Security Rule
",Politics,EDUCATION,0.9061224460601807,False
580,"Costing Out the Double Tax
",Society,BLACK VOICES,0.34217122197151184,False
622,"
        Deaths Rose in Emergency Rooms After Hospitals Were Acquired by Private Equity Firms
            ",Healthcare,BUSINESS & FINANCE,0.2724561095237732,False
438,Harvard Medical School Cancels Student Groups’ Pro-Palestine Vigil,Education,EDUCATION,0.6708350777626038,False
31,Reeling in a big scientific discovery,Science,SCIENCE,0.9351218938827515,False
439,"AAAS Professor Marcyliena Morgan Remembered for Dedication to Truth, Hip-Hop Scholarship",Education,BLACK VOICES,0.590440034866333,False
441,"
Concerts and Carols at the Isabella Stewart Gardner Museum

",Arts & Culture,ARTS,0.9022004008293152,False
456,"
A New Narrative of Civil Rights

",Social Issues,BLACK VOICES,0.7254654169082642,False
457,"
How Do Single-Celled Organisms Learn and Remember

",Science,SCIENCE,0.9043434858322144,False
460,"
New England Monkfish with Lemon, Garlic, and Capers

",Food & Drink,FOOD & DRINK,0.9458823800086975,False
482,"
How MAGA Went Mainstream at Harvard

",Politics,EDUCATION,0.8387149572372437,False
559,"Recently Published: Summer/Fall 2025
",Education,ARTS,0.34709739685058594,False
583,Office for Community and Culture: Q&A with Terrill Drake,Education,EDUCATION,0.9435272216796875,False
625,"
        Family Van Shows How Mobile Health Clinics Can Save Lives, Money
            ",Health,IMPACT,0.750056266784668,False
562,"TAP Canvas Site Launches
",Education,EDUCATION,0.9505941867828369,False
540,"New Title IX Regulations
",Education,EDUCATION,0.9375088810920715,False
556,"Meet the 2023 Harvard Griffin GSAS Commencement Marshals! 
",Education,EDUCATION,0.9181599617004395,False
651,Harvard Kennedy School graduates recognized during May 29 Commencement celebration,Education,EDUCATION,0.5427277684211731,False
35,"Harvard’s healthcare plans: What’s changing, what’s staying the same",Education,BUSINESS & FINANCE,0.705839216709137,False
39,Family enlists Harvard scientists in fight against rare neurological disorder,Science,SCIENCE,0.3656183183193207,False
42,First study to compare two ketamine therapies for patients with severe depression,Health,LIFESTYLE & WELLNESS,0.6900957822799683,False
43,Think you understand kitchen science?,Science,FOOD & DRINK,0.7402308583259583,False
46,Speeding discoveries from lab to patients,Science,SCIENCE,0.6406453847885132,False
48,Regulating vaping with a deadlier habit in mind,Health,LIFESTYLE & WELLNESS,0.5176658034324646,False
51,Sustainability remains hot topic in corporate America,Business,ENVIRONMENT,0.8699771165847778,False
53,How fashion police have been walking beat for centuries,Art & Culture,ARTS,0.6336736083030701,False
56,Harvard Should Require Pre-Orientation,Education,EDUCATION,0.9420863389968872,False
58,Building Harvard: The Carpenter Center,Arts & Culture,ARTS,0.719548761844635,False
62,‘Anemone’ Review: Successfully Seeking Silence,Arts & Culture,ENTERTAINMENT,0.5002233386039734,False
75,ChatGPT Has Been My Tutor for the Last Year. I Still Have Concerns.,Education,EDUCATION,0.8222929835319519,False
78,Why You Should Read Chris Rufo,Politics,EDUCATION,0.9440791010856628,False
113,‘Waters of the Abyss’ Review: Haitian Papier-Mâché Masterpieces at the Isabella Stewart Gardner Museum,Arts & Culture,ARTS,0.9244557023048401,False
116,"Artist Profile: Michael Cimino on “Until Dawn,” New Music, and Latino Leadership in TV and Film",Entertainment,LATINO VOICES,0.8742334246635437,False
120,Dean Deming’s Instagram Is Fun — But the Moment Demands More,Education,EDUCATION,0.9276351928710938,False
122,‘Legacy’: The 31st Eleganza Show Lights Up Bright-Landry,Arts & Culture,BLACK VOICES,0.3773704171180725,False
80,​​In Photos: A Typical Sunday Bell-Ringing,Culture,ARTS,0.8231136202812195,False
83,The Huntington Theatre and Trident Booksellers Host Curtain Call Broadway Trivia,Arts & Culture,ARTS,0.7450430393218994,False
87,Primatologist Christine Webb Criticizes ‘Human Exceptionalism’ in Science at Harvard Talk,Science,SCIENCE,0.9137437343597412,False
90,Death-Defying Cliff Divers Make a Splash in Boston Harbor,Sports,ARTS,0.2464878261089325,False
92,‘Night Side Songs’ Preview: Interactive Theater’s Approach to Caregiving and Catharsis,Arts & Culture,ARTS,0.8408852219581604,False
96,‘Life-Long Educator’: Caitlin Dube Puts Her Name in the Running for School Committee,Politics,EDUCATION,0.9405798316001892,False
99,It is All Half Lights* / Before Memorial Day,Arts & Culture,ARTS,0.5397656559944153,False
101,Top 10 TV Shows of 2024,Entertainment,ENTERTAINMENT,0.39297476410865784,False
103,‘The Life of a Showgirl’ Shatters Swift’s Parasocial Relationship With Fans,Arts & Culture,ENTERTAINMENT,0.5553690195083618,False
107,Outbound to the Magellanic Cloud: Ligia Bouton’s ‘Temporary Monument to Henrietta Swan Leavitt’ at Kendall/MIT,Arts & Culture,ARTS,0.8931397795677185,False
110,A Timeless Impact: ‘Speak Now’ Turns 15,Music,ENTERTAINMENT,0.4176425039768219,False
124,"Senator Chris Van Hollen: Class of 2025, If Not You, Who?",Politics,EDUCATION,0.5022042989730835,False
128,‘Severance’ Season 2 Review: Three Episodes and 300 Questions,Entertainment,ENTERTAINMENT,0.7006513476371765,False
131,"‘Sunrise on the Reaping’ Review: Good, but Was It Necessary?",Arts & Culture,ARTS & CULTURE,0.35015663504600525,False
134,‘Is a River Alive?’ Review: A Stilted Love Letter to the Natural World,Culture,ARTS,0.6754370331764221,False
137,I’m a Proud Zionist. Here’s Why I Ran a Famously Pro-Palestine Editorial Board.,Politics,EDUCATION,0.4348377585411072,False
140,‘Gruesome Playground Injuries’ Review: A Painful Yet Poignant Journey,Arts & Culture,ARTS,0.8434373736381531,False
143,Mr. H Review: A Twist of Modernity on Tradition,Food & Drink,FOOD & DRINK,0.5157836079597473,False
147,Athlete of the Week: Lewis Zerter-Gossage,Sports,SPORTS,0.8986036777496338,False
157,‘Jam: A Jam Jam!’ Review: Jamming Along with the Harvard Fallen Angels and the Harvard Callbacks,Arts & Culture,ARTS,0.8195275664329529,False
160,"Harvard Men’s Water Polo Secures Fifth Consecutive Win, Leads Northeast Water Polo Conference",Sports,SPORTS,0.8088111281394958,False
164,Dua Lipa Concert Review: Between Spectacle and Intimacy,Entertainment,ARTS,0.6775631308555603,False
166,"‘Sing-Songs, Song-Alongs, and Jumping, Jumping Jumps’: Student Bands Make Marvelous Moves at WHRB Concert",Arts & Culture,ARTS,0.785757303237915,False
663,Are you getting enough sleep? Probably not.,Health,LIFESTYLE & WELLNESS,0.8704386353492737,False
664,"Roger Owen, 83",Academia,EDUCATION,0.22784510254859924,False
665,"Ralph Mitchell, 90",Science,SCIENCE,0.8738248944282532,False
666,To begin bridging campus divides: Just sit down together and listen,Education,RELIGION,0.8656575679779053,False
667,"Walking 3,000-5,000 steps a day may delay Alzheimer’s",Health,FIFTY,0.35894322395324707,False
668,Cold War arms-control pioneers perhaps weren’t peacemakers we thought they were,History,SCIENCE,0.5096472501754761,False
669,Salamanders can regrow limbs. Could humans someday?,Science,SCIENCE,0.9275487661361694,False
670,‘Designed to be different’: Harvard unveils David Rubenstein Treehouse,Education,EDUCATION,0.271735280752182,False
671,Can revenge be addictive?,Science,SCIENCE,0.2961055040359497,False
672,Where were you the first time you heard ‘Hamilton’? The actors remember.,Arts & Entertainment,ARTS,0.6900715827941895,False
673,COVID in pregnancy raises child’s risk for developmental disorders,Health,LIFESTYLE & WELLNESS,0.47182729840278625,False
674,"Leading FAS in period of major challenges, opportunity for change",Education,EDUCATION,0.9246237277984619,False
675,Shining a light on the dark matter of our genome,Science,SCIENCE,0.946057140827179,False
677,"Why don’t we have cures for Alzheimer’s, depression?",Science,SCIENCE,0.837205171585083,False
678,‘Our American compass is still true’,Society,BLACK VOICES,0.8072478175163269,False
679,Pritzker sees an institution meeting the moment,Education,EDUCATION,0.9113484621047974,False
680,The mystery of the missing pixels,Arts & Culture,ARTS,0.8576318621635437,False
681,Tracking climate change through nature’s ‘breaths’,Science,ENVIRONMENT,0.7055169939994812,False
682,Harvard appoints four University Professors,Education,EDUCATION,0.5155826210975647,False
683,‘Kids want to read harder stuff’,Education,EDUCATION,0.8318724632263184,False
684,Finding boundaries of debate,Politics,RELIGION,0.4464115500450134,False
685,One idea for equalizing higher education: admissions lotteries,Education,EDUCATION,0.9053326845169067,False
686,Rising birth rates no longer tied to economic prosperity,Social Science,FIFTY,0.22050656378269196,False
687,"The gum disease, diabetes connection",Health,LIFESTYLE & WELLNESS,0.8300239443778992,False
688,Pursuit of justice borne of personal experience with injustice,Law,NEWS,0.1742437481880188,False
689,‘We don’t need zombies to do ourselves in as a species’,Culture,SCIENCE,0.5945104360580444,False
690,How independent is the Justice Department now?,Politics,POLITICS,0.6982053518295288,False
691,"As states take lead in fixing U.S. schools, Harvard will serve as a hub",Education,EDUCATION,0.9573392868041992,False
692,Hope has a dark side in alum’s ‘A Guardian and a Thief’,Arts & Culture,ARTS & CULTURE,0.18584997951984406,False
693,"Class of 2029 yield tops 83%, with international students at 90%",Education,EDUCATION,0.9071083664894104,False
694,"Step study: 4,000 counts for a lot",Science,LIFESTYLE & WELLNESS,0.4392222464084625,False
695,Shielding Americans from corporate ‘tyranny’,Government & Regulation,BUSINESS & FINANCE,0.9176435470581055,False
696,"All good, except grape pizza",Education,FOOD & DRINK,0.28944748640060425,False
697,Cracks in America’s ‘mirror’,Arts & Culture,ARTS,0.8242255449295044,False
698,Is there a right way to write?,Arts & Culture,ARTS,0.5099329948425293,False
699,How her life shaped mine,Arts & Culture,ARTS,0.45481032133102417,False
700,"What if AI could help students learn, not just do assignments for them?",Education,EDUCATION,0.606306254863739,False
701,AI presents challenges to journalism — but also opportunities,Media,TECH,0.5432446599006653,False
702,When communication could mean life or death,Healthcare,FIFTY,0.37333017587661743,False
703,You see Saturn’s rings. She sees hidden number theory.,Science,SCIENCE,0.9582688808441162,False
704,College Students Study Less. Harvard’s Just Honest About It.,Education,EDUCATION,0.9482098817825317,False
705,"Ethicist, Should I Date My Comp Director?",Opinion,FIFTY,0.4025440514087677,False
706,‘Merrily We Roll Along’ Review: A Dazzling Reminder to Follow Your Dreams,Arts & Entertainment,ARTS,0.8729243874549866,False
707,"Harvard Square Has a Plethora of Cafes, but None of Them Are Truly Great",Lifestyle,EDUCATION,0.2169381082057953,False
708,Businessly Blonde: Reese Witherspoon Talks Entrepreneurship at HBS Event,Business,WOMEN,0.5727328658103943,False
709,Owensby and Shao Lead Harvard to Doubles Championship Title at Ivy League Qualifier,Sports,SPORTS,0.590243935585022,False
710,‘Underachiever’ Album Review: Sharon Silva’s Promising Solo Debut,Arts & Culture,ENTERTAINMENT,0.2996878921985626,False
726,The Great Feminization Has Come to Harvard,Society,EDUCATION,0.43407073616981506,False
711,Women’s Swim and Dive Has a Roaring Start to the Season in Opening Meet Against Brown,Sports,SPORTS,0.6196526885032654,False
712,Institutional Neutrality Is Impossible. Harvard Must Accept That Fact.,Education,EDUCATION,0.859580397605896,False
713,‘MACBETH’ Review: Sparse Staging Becomes a Burden in Mixed Triumph,Arts & Culture,ARTS,0.894609272480011,False
714,"Artist Profile: Derrick Teh on Malaysian Cooking, Running a Pop-Up Restaurant, and Never Getting Bored",Food & Drink,ARTS,0.6388230919837952,False
715,Harvard Students Aren’t Responsible For the Nation’s Flaws,Society,EDUCATION,0.9178438186645508,False
716,Laufey Concert Review: A Masterclass in Sentimental Whimsy,Entertainment,ARTS,0.8120160102844238,False
717,Don’t Let Diversity Die At the Starting Line,Education,EDUCATION,0.9017195701599121,False
718,Harvard Ballroom Dance Team’s Professional Showcase: A Step Towards Making Dancing More Accessible,Arts & Culture,ARTS,0.40657562017440796,False
719,Harvard’s FAS Is Running a $365 Million Structural Deficit. The Problems Started Well Before Trump.,Education,EDUCATION,0.9345421195030212,False
720,June Bug Review: A Promise of Renewal in the Familiar,Food & Drink,FOOD & DRINK,0.8508188128471375,False
721,"Gigi Perez Concert Review: In Boston, In Every Life",Arts & Entertainment,ARTS,0.6724057197570801,False
722,Steven Pinker Explains What Happens When Everyone Knows That Everyone Knows,Social Sciences,SCIENCE,0.40130192041397095,False
723,Neko Case Concert Review: Bone-Shaking Vocals Blow Away Boston,Entertainment,ARTS,0.6316044926643372,False
724,Want to Beat Trump? Include Students.,Education,EDUCATION,0.9151597023010254,False
725,Author Sam Sussman Talks ‘Boy from the North Country’ and Why Art is Larger than Life at Porter Square Books,Arts & Culture,ARTS & CULTURE,0.5894559025764465,False
727,"Does Community Input Speak for Cambridge? According to the Data, No",Politics,EDUCATION,0.5143486261367798,False
728,"No. 3 Harvard Field Hockey Sweeps the Weekend, Sets Program Record For Longest Win Streak",Sports,SPORTS,0.8183571100234985,False
729,‘300 Paintings’ Review: The Most Innovative Live Performance You’ll See This Year,Arts & Culture,ARTS,0.8596558570861816,False
730,Artist Profile: Sanjna Needs to Create,Arts & Culture,ARTS,0.8179427981376648,False
731,What Harvard Won’t Let Interviewers Say,Education,EDUCATION,0.9043247699737549,False
732,Harvard Men’s Water Polo Splits Four Games in California Tournament,Sports,SPORTS,0.851939857006073,False
733,Cambridge Elects 2 Challengers with 7 Incumbents to City Council,Politics,POLITICS,0.595573902130127,False
734,The Challenge Harvard Faces Goes Deeper Than Funding,Politics,EDUCATION,0.9307275414466858,False
735,"Style, Simplified: 10 Tips for Finding Your Personal Style",Lifestyle,STYLE,0.6872439980506897,False
736,Men’s and Women’s Swim and Dive Dominate Scrimmages as Season Awaits,Sports,SPORTS,0.7409361004829407,False
737,Dissent: The Editorial Board Cannot Whitewash Hate,Education,EDUCATION,0.9356529712677002,False
738,I Don’t Care If You’re Team Jess or Team Logan: On ‘Gilmore Girls’ at 25,Entertainment,WOMEN,0.6769108772277832,False
739,"No, America Doesn’t Hate Harvard",Education,EDUCATION,0.9383497834205627,False
740,‘GO:OD AM (10th Anniversary)’ Album Review: Mac Miller Still Resonates a Decade Later,Arts & Culture,ENTERTAINMENT,0.7117037773132324,False
741,Women’s Hockey Drops To Cornell And Colgate In Weekend Doubleheader,Sports,SPORTS,0.7751450538635254,False
742,"‘Deadbeat’ Album Review: A Trippy, Tentative Return",Music,ENTERTAINMENT,0.4225825369358063,False
743,‘We Need More Setti Warrens’: IOP Director and Newton Mayor Remembered for Rare Drive to Serve,Politics,BLACK VOICES,0.7860307097434998,False
744,"Misty Copeland, Brittney Griner, Spike Lee Among W.E.B. Du Bois Medal Recipients",Arts & Culture,BLACK VOICES,0.8714187741279602,False
745,‘The Magician of Tiger Castle’ Review: Louis Sachar’s Absurdly Intuitive Fairytale for Adults,Books,ARTS,0.4699116051197052,False
746,‘PIXELATED KISSES’ Single Review: Joji’s Bitcrushed Heart,Arts & Culture,ARTS,0.24538956582546234,False
747,‘Toy Story’ 30 Years Later: When Animation Gained a Third Dimension,Entertainment,ARTS,0.3244333267211914,False
748,"Women's Soccer Falls to Columbia, Killing Championship Dreams",Sports,SPORTS,0.6656521558761597,False
750,Harvard Cannot Save Us From Ourselves,Education,EDUCATION,0.8379896879196167,False
751,‘Our Town’ Review: Radiance Found in Simplicity,Arts & Culture,ARTS,0.8670963048934937,False
752,‘Comedy is Not the End Goal’: Sam Kissajukian Embraces the Interdisciplinary in ‘300 Paintings’,Arts & Culture,ARTS,0.721778392791748,False
753,The Media Must Stop Oversimplifying Harvard,Education,EDUCATION,0.9418147206306458,False
754,"Cambridge Voters Prioritize Housing, Bike Safety At the Polls",Politics,EDUCATION,0.41487735509872437,False
755,‘The Museum of Unnatural Histories’ Review: A Disappointing Daze of Dissociative Tales,Arts & Culture,ARTS,0.7945657968521118,False
756,"‘Son of Spergy’ Album Review: Between Heaven, Heredity, and Heartbreak",Entertainment,ENTERTAINMENT,0.24672193825244904,False
757,Zhang Leads Harvard Women’s Golf to Third-place Finish in Final Tournament of the Season,Sports,EDUCATION,0.4053587317466736,False
758,‘Black Phone 2’ Review: ‘Dead Is Just a Word’,Arts & Entertainment,ENTERTAINMENT,0.8228706121444702,False
759,"Harvard Men’s Ice Hockey Topples Stonehill, Scores 6 Goals",Sports,SPORTS,0.8135389685630798,False
760,"Garber Names Four New University Professors, Harvard’s Highest Faculty Distinction",Education,SCIENCE,0.5107781291007996,False
761,The Bandaids on a Pedagogical Bullet Hole,Education,EDUCATION,0.9297009706497192,False
762,I Want More of a Voice in AI Policy — We All Should,Education,EDUCATION,0.8366587162017822,False
763,What College Rankings Are Missing,Education,EDUCATION,0.9431430101394653,False
764,Harvard Men’s Ice Hockey Knocked Down By No. 9 UConn in Shootout at Season Opener,Sports,SPORTS,0.8687376379966736,False
765,Visit The Harvard Archives,Education,EDUCATION,0.898097813129425,False
766,Dana Bullister Has Plans for New Taxes in Cambridge,Politics,BUSINESS & FINANCE,0.39860019087791443,False
767,Augustin Hadelich with the BSO: A Performance Worthy of a Modern Violin Great,Arts & Culture,ARTS,0.9293994307518005,False
768,Student Workers and the Fight for Academia,Education,EDUCATION,0.9351600408554077,False
769,"Independence Isn’t Cheap, but Harvard Can Afford It",Education,EDUCATION,0.9445253014564514,False
770,Craig Shatters All-Time Pass TD Record as No. 12 Harvard Rallies Past Dartmouth,Sports,SPORTS,0.9005932211875916,False
771,Votes Roll In for Michelle Wu After Polls Close in Boston’s Uncontested Mayoral Race,Politics,POLITICS,0.6573001742362976,False
772,Unstoppable Harvard Women’s Rugby Posts Massive 81–7 Win Against Princeton To Seal Perfect Regular Season,Sports,SPORTS,0.497977077960968,False
773,‘Peacemaker’ Season 2 Review: A Triumph Against Superhero Fatigue,Entertainment,ENTERTAINMENT,0.8921573162078857,False
774,"Men’s Water Polo Completes Fourth Quarter Comeback, Wins Doubleheader to Remain Conference Leaders",Sports,SPORTS,0.8866741061210632,False
775,Harvard Women’s Volleyball Dominates at Home,Sports,SPORTS,0.6989997029304504,False
776,Fall On Campus: Autumnal Vignettes from Crimson Arts,Culture,ARTS,0.6278908252716064,False
777,"Jadu Heart Concert Review: A Post-Romantic, Psychedelic, Trip-Hop Experience",Arts & Entertainment,ARTS,0.5916828513145447,False
778,"Professor Steve Ramirez Talks Memory Manipulation, Loss, and Grief at Harvard Science Book Talk",Science,SCIENCE,0.8328314423561096,False
779,Cambridge Mayor E. Denise Simmons Seeks 13th City Council Term,Politics,POLITICS,0.3458835184574127,False
780,HMS Can’t Regulate Grief,Education,EDUCATION,0.8056655526161194,False
781,‘The Addams Family’ Review: A Grave Success,Arts & Culture,ARTS,0.833065927028656,False
782,Romanticizing Fall: Love Songs For the Midst of Fall,Arts & Culture,WOMEN,0.20249968767166138,False
783,"Daily Provisions Review: No, You’re Not Seeing Double",Business,FOOD & DRINK,0.5576590299606323,False
784,"Harvard, Stop the Handholding",Education,EDUCATION,0.8762365579605103,False
785,Diversity Requires Your Participation,Society,EDUCATION,0.49569183588027954,False
786,Kitty Craft Concert Review: A Night of Sweetness,Arts & Culture,ARTS,0.775382399559021,False
787,Ph.D. Cuts Are the Beginning of the End for Academia,Education,EDUCATION,0.9415000081062317,False
788,"‘Tron: Ares’ Review: A Glitch, a God, or a Glorious Comeback?",Entertainment,ENTERTAINMENT,0.6533489227294922,False
789,Harvard Undergraduates Collect Donations Across Cambridge for Baby Food Drive,Social Issues,IMPACT,0.9286762475967407,False
790,Thousands Hit the Ground Running for 8th Annual Cambridge Half Marathon,Sports,IMPACT,0.4479852616786957,False
791,‘Melt’ Album Review: María Zardoya Finds a Haunting Stillness Beyond The Marías,Arts & Entertainment,ARTS,0.583673357963562,False
792,Harvard Men’s Soccer Draws to Cornell in Final Home Game of the Season,Sports,SPORTS,0.8805160522460938,False
793,Ballot Question Ratifying Updated Cambridge Charter Passes With More Than 75% of the Vote,Politics,EDUCATION,0.7717944979667664,False
794,"The Power of the Music of the Night: The Spookiest, Eeriest, and Most Hair-Raising Songs from Broadway",Arts & Culture,ARTS,0.7834900617599487,False
795,"Harvard Field Hockey Secures Undefeated Regular Season, Preps for Ivy League Tournament on Friday",Sports,SPORTS,0.8153110146522522,False
796,"Two Arrested, Face Federal Charges in Harvard Medical School Explosion Case",Crime & Law Enforcement,CRIME,0.7525047063827515,False
797,Magdalena Bay Concert Review: Building the World of Their Dreams,Arts & Entertainment,ARTS,0.5360593199729919,False
802,‘AM I THE DRAMA?’ Album Review: Aggressively Authentic,Arts & Culture,ENTERTAINMENT,0.7739372849464417,False
803,Harvard’s Latest Speech Controversy,Education,EDUCATION,0.9376222491264343,False
804,"If Cambridge Wants To Spend, It Has To Build",Politics,BUSINESS & FINANCE,0.4654620885848999,False
805,"Artist Profile: Pontus Lidberg on Dance, Medicine, and ‘Embodied Storytelling’",Arts & Culture,ARTS,0.8913661241531372,False
806,Harvard’s Faculty of Arts and Sciences Runs a $350 Million Structural Deficit,Education,EDUCATION,0.95378577709198,False
807,"Ayesha Wilson, Running for Second Term, Wants To Bring More Voices Into City Council Conversations",Politics,EDUCATION,0.24651509523391724,False
808,"‘Sketch, Shade, and Smudge’ Review: Harvard Art Museums Tells Stories Without Color",Culture,ARTS,0.8853583931922913,False
809,The Harvard Square “KiOSK” is a Waste of Space — and $12.6 Million,Urban Planning,EDUCATION,0.4131088852882385,False
810,Harvard’s Nanny State Is Putting Campus to Sleep,Education,EDUCATION,0.9238569140434265,False
811,"At Harvard Chan, We Need To Talk About Hard Things",Education,EDUCATION,0.9383847713470459,False
812,"It’s My Right To Pull an All-Nighter, Canvas.",Education,EDUCATION,0.931757926940918,False
813,No. 12 Harvard Faces Toughest Matchup Yet on Saturday Against Dartmouth,Sports,SPORTS,0.7991652488708496,False
814,What the Hell Happened: How TikTok Turned a Museum Robbery Into a Halloween Costume,Society,ARTS,0.3781733512878418,False
815,The Tourists Know More Than You,Education,EDUCATION,0.9057744145393372,False
816,"
This Astronomer is Sounding a Warning on ‘Space Junk’

",Science,SCIENCE,0.9582266211509705,False
817,"
Harvard Alum Wins Economics Nobel Prize

",Economics,BUSINESS & FINANCE,0.76621013879776,False
818,"
Creepy Crawlies and Sticky Murder Weapons at Harvard

",Science,SCIENCE,0.9222719073295593,False
819,"
Harvard’s Class of 2029 Reflects Shifts in Racial Makeup After Affirmative Action Ends

",Education,EDUCATION,0.8675427436828613,False
820,"
The Medical-Robotics Revolution

",Healthcare,SCIENCE,0.7380436658859253,False
821,"
Harvard Football: Harvard 34, Cornell 10

",Sports,SPORTS,0.7614486813545227,False
822,"
Harvard Football: Harvard 31, Merrimack 7

",Sports,SPORTS,0.8071436882019043,False
823,"
Harvard’s Endowment, Donations Rise—but the University Runs a Deficit

",Education,EDUCATION,0.8943715691566467,False
824,"
Five Questions with Andrew Knoll

",Science,SCIENCE,0.9341411590576172,False
825,"
A History of Harvard Magazine

",Media,EDUCATION,0.8067116737365723,False
826,"
Harvard Football: Harvard 35, Princeton 14

",Sports,SPORTS,0.7403914928436279,False
827,"
Harvard Institute of Politics Director Setti Warren Dies at 55

",Obituary,EDUCATION,0.7246785163879395,False
828,"
Harvard Announces Four University Professors

",Education,EDUCATION,0.5658982992172241,False
829,"How Growth Happens
",Economics,BUSINESS & FINANCE,0.8104661107063293,False
830,"The Economics Driving Prescription Drug Prices
",Unknown,BUSINESS & FINANCE,0.45932337641716003,False
831,"From Bach to Breakthroughs
",Science,SCIENCE,0.8824169635772705,False
832,"Military Man
",Arts & Culture,ARTS,0.46692466735839844,False
833,Behind the Research: Laura Jakli,Politics,BUSINESS & FINANCE,0.4011278450489044,False
834,Know Your HBS Staff: Kerry Cietanno,Education,FIFTY,0.24493160843849182,False
835,New Faculty Profiles: Henrique Castro-Pires,Education,EDUCATION,0.49747130274772644,False
836,Harvard Law Today,Politics,POLITICS,0.704890251159668,False
837,Harvard Law Today,Law,EDUCATION,0.5726015567779541,False
838,Harvard Law Today,Society,ARTS,0.5450116991996765,False
839,Harvard Law Today,Law,IMPACT,0.3552338480949402,False
840,Harvard Law Today,Politics,BLACK VOICES,0.29681333899497986,False
841,Harvard Law Today,Law,EDUCATION,0.5622462034225464,False
842,Harvard Law Today,Artificial Intelligence,TECH,0.5763870477676392,False
843,Harvard Law Today,National Security,POLITICS,0.22404320538043976,False
844,Harvard Law Today,Law,ENVIRONMENT,0.6691575646400452,False
845,Harvard Law Today,Profiles,RELIGION,0.38168054819107056,False
846,Harvard Law Today,Law,BUSINESS & FINANCE,0.27324771881103516,False
847,"
        CTE Is Caused by More Than Head Trauma, New Study Suggests
            ",Science,SCIENCE,0.7990847826004028,False
848,"
        Improving Communication With Deaf Patients
            ",Healthcare,FIFTY,0.3621147572994232,False
849,"
        National Academy of Medicine Elects 8 HMS Faculty to Class of 2025
            ",Health,SCIENCE,0.5706389546394348,False
850,"
        Conversation Series Features Perspectives, Advice From Distinguished Faculty
            ",Education,EDUCATION,0.6617104411125183,False
851,"
        Awards & Recognitions: September/October 2025
            ",Science,SCIENCE,0.7095882892608643,False
852,"
        The Economic Forces That Drive Prescription Drug Prices
            ",Healthcare,LIFESTYLE & WELLNESS,0.4867037534713745,False
853,Remembering Setti Warren,Education,EDUCATION,0.7659972906112671,False
854,"Alumni Profile: Bridget Sands, A.B. '24
",Career,EDUCATION,0.6997321844100952,False
855,"The Need for Speed
",Technology,SCIENCE,0.7437326312065125,False
857,"A Leg Up on Better Running Data
",Science,SCIENCE,0.560726523399353,False
858,"Biomaterial Vaccines to Make Implanted Orthopedic Devices Safer
",Science,SCIENCE,0.617575466632843,False
859,"Juncheng Yang Winner of ACM Award for Dissertation with Most Impact
",Technology,TECH,0.8759121298789978,False
860,"Summer on the Coast
",Environment,ENVIRONMENT,0.8938354253768921,False
169,Dissent: Harvard Shouldn’t Sacrifice Values for Optics,Education,EDUCATION,0.9472014307975769,False
172,"From Cultural Rhythms Festival: Cultural Food Festival, A Beacon of Global Diversity in the Harvard Bubble",Community,ARTS,0.27355968952178955,False
176,Boston Baroque Presents Mozart and Beethoven: Classical Fireworks and Heavenly Lyricism,Arts & Culture,ARTS,0.917786717414856,False
179,Affordability Top of Mind as Ayah Al-Zubi ’23 Launches Second Run for City Council,Politics,IMPACT,0.6379867196083069,False
182,Is Harvard’s Speech Culture on Fire?,Politics,EDUCATION,0.9032590389251709,False
185,From the Class Marshals: Our Years at Harvard Were Chaotic. We Still Thrived.,Education,EDUCATION,0.8977802991867065,False
188,Make Everything as Efficient as the Flu Shot,Education,EDUCATION,0.8674138784408569,False
191,"No. 22 Harvard Football Battles Past Cornell 34-10, Moves to 4-0",Sports,SPORTS,0.9152122735977173,False
193,BPO Presents Mahler’s Symphony No. 2: A Journey of Hope and Resurrection,Arts & Culture,ARTS,0.92105633020401,False
197,‘Caught Stealing’ Review: A Chaotic Descent into NYC’s Underworld,Arts & Culture,ENTERTAINMENT,0.6727488040924072,False
199,‘The Odyssey’ Review: An Unraveling of an Epic Tale,Arts,ARTS,0.8522933721542358,False
203,New Butterfly Species Named After Harvard Lecturer Andrew Berry,Science,SCIENCE,0.8323044180870056,False
205,Read with the Performative Man: A Defense of Public Reading,Culture,ARTS,0.7191681861877441,False
208,Harvard Men's Soccer Fends Off Aggressive Bulldogs to a 1-1 Draw,Sports,SPORTS,0.754542350769043,False
210,"Billboard, Bach, and Bad Songs: Are The Hot 100s Worse Than Before?",Culture,ARTS,0.6324329972267151,False
213,Harvard Men's Basketball Announces Captains for 2019-2020 Season,Sports,SPORTS,0.8627936840057373,False
216,You Can’t Admit Talent You Don’t Reach,Education,EDUCATION,0.8911821842193604,False
219,What Does Harvard Owe?,Education,EDUCATION,0.9361303448677063,False
222,From the New England Metal and Hardcore Festival 2025: Headliner Lorna Shore is a Sonic Firework in the Evening Darkness,Arts & Entertainment,ENTERTAINMENT,0.3673573136329651,False
225,The Middle Child: ‘Extraordinary Machine’ Turns 20,Arts & Entertainment,ENTERTAINMENT,0.511229395866394,False
231,From Beethoven’s Lyrical Depth to Shostakovich’s Dark Irony: The Illuminating Music of Mitsuko Uchida and BSO,Arts & Culture,ARTS,0.9208317995071411,False
236,‘Passengers’ Review: Reaching New Heights but Lacking Depth,Arts & Entertainment,ARTS,0.885789692401886,False
239,Jia-Jing Lee Champions Underrepresented Communities in Bid for School Committee,Politics,EDUCATION,0.6035873293876648,False
242,Should Didion’s ‘Notes to John’ Be Published? No.,Arts & Culture,ARTS,0.7418557405471802,False
244,‘Dream Count’ Review: Chimamanda Ngozi Adichie’s Latest Characters Grapple with Shades of the Unknown,Arts,ARTS,0.6789975762367249,False
247,Dawn M. Spears on Public Art and Amplifying Indigenous Artistic Traditions in the Northeast,Arts & Culture,ARTS,0.8289916515350342,False
250,"‘Parade’ Review: One of America’s Most Shameful Tragedies, Expertly Told",Arts & Culture,ARTS,0.7914155721664429,False
253,Harvard’s Hazing Policy Has Gone Too Far,Education,EDUCATION,0.9334664344787598,False
255,‘The Dream Hotel’ Review: Deeply Philosophical But Exaggeratedly Didactic,Arts & Culture,ARTS & CULTURE,0.39841511845588684,False
259,No. 4 Harvard Field Hockey Improves to 8-0 for the First Time in School History,Sports,SPORTS,0.7875337600708008,False
262,"‘There She Goes, There She Goes Again’: ‘The La’s’ Turns 35",Arts & Culture,ARTS,0.36700788140296936,False
265,"The Lydian String Quartet and ‘Time's Echo Live’: An Interweaving of Narratives, Memories, and Shostakovich’s Music",Arts & Culture,ARTS,0.9140750169754028,False
268,"Soccer Mommy Concert Review: Yearning, Acceptance, and Everything In Between",Arts & Culture,ARTS,0.48751452565193176,False
274,‘A Really Big Milestone’: Sophomores Celebrate at HUA Declaration Day Event,Education,EDUCATION,0.9443216919898987,False
278,Norton Lectures Celebrate 100-Year Anniversary,Education,ARTS,0.7588840126991272,False
280,The Art of the Outside: Sonia S. Ralston on ‘Ghost Trees’,Arts & Culture,ARTS,0.7400196194648743,False
283,What the Hell Happened: Katy Perry Spaces Out — The Commercialization of Space Travel,Culture,SCIENCE,0.3910977840423584,False
286,"Artist Profile: Shana M. griffin on the Harvard ArtLab, Black Feminism, and Social Change Through Art",Arts & Culture,ARTS,0.6741588711738586,False
288,‘From Broadway to Hollywood’ Review: A Night of Generational Nostalgia with the Boston Pops,Arts & Culture,ARTS,0.8249469995498657,False
354,‘Global Encounters’: The 39th Cultural Rhythms Showcase Honors Becky G,Arts & Culture,ARTS,0.35271763801574707,False
357,‘101 Damnations’ Review: Lost Paradise with the Hasty Pudding,Arts & Culture,ARTS,0.756769597530365,False
362,‘Hamilton’ Retrospective: Eliza’s Lasting Impact 10 Years Later,Arts & Entertainment,ARTS,0.6419469714164734,False
290,,Arts & Entertainment,ARTS,0.36917853355407715,False
299,‘Sardines (a comedy about death)’ Review: A Not So Grim Reaper at The Huntington,Arts & Culture,ARTS,0.8196805119514465,False
302,A Messy Masterpiece: Why ‘Bridgerton’ Works,Entertainment,ARTS,0.7334713935852051,False
305,Who Does Harvard Owe?,Education,EDUCATION,0.9444603323936462,False
310,‘Revenge of the Sith’ Retrospective: Recognizing Hayden Christensen’s Anakin Skywalker 20 Years Later,Arts & Entertainment,ENTERTAINMENT,0.8408064842224121,False
325,AADT’s ‘Eastbound’ 2025 Celebrates Inclusivity and Bonding Through Asian American Dance,Arts & Culture,ARTS,0.8021682500839233,False
335,Harvard University Press Employees Say Director Drove Down Acquisitions and Morale,Education,MEDIA,0.6456239819526672,False
339,Grace by Nia Review: A Modern Supper Club…Or Just Supper?,Food & Drink,FOOD & DRINK,0.4568718671798706,False
341,Courtly Love and Medieval Romances: Boston Baroque Presents Handel’s ‘Ariodante’,Arts & Culture,ARTS,0.8894076347351074,False
344,Artist Profile: Anika Liv Christensen ’26 on Changing the World One Piece at a Time,Arts & Culture,ARTS,0.8239353895187378,False
347,"‘The Elephant Man’ 45-Year Retrospective: A Deeply Humane, Dreamlike Drama from David Lynch",Arts & Culture,ARTS,0.6646147966384888,False
351,‘The Life of Chuck’ Review: King and Flanagan Make a Perfect Duo,Entertainment,ENTERTAINMENT,0.44437023997306824,False
364,Side Parts in Nosferatu: A Symphony of Horror,Arts & Culture,ARTS,0.5126038193702698,False
367,Cyanobacteria Risk Expected To Clear Up Before Head of the Charles Regatta,Environment,ENVIRONMENT,0.7581425309181213,False
373,Robert Winters Is ‘Willing To Serve’ on Cambridge City Council. Will Voters Take Him Up On It?,Politics,POLITICS,0.4423031210899353,False
376,"Harvard Affiliates Celebrate Indigenous Peoples Day with Dances, Raffle, and Speeches",Culture,EDUCATION,0.2676313817501068,False
379,"Boston, Naming Developer, Moves to Next Stage of Replacing Demolished Sound Museum",Urban Development,ARTS,0.7764970660209656,False
381,"Most Americans Oppose Trump’s Attack on Universities, But They Have Concerns About Campus Cultures, New Survey Finds",Politics,EDUCATION,0.8749502897262573,False
388,Harvard Square Needs More Local Businesses,Local Economy,BUSINESS & FINANCE,0.40293729305267334,False
390,My Father Died Biking in Cambridge. We Can Build a Safer City By Voting on Nov. 4.,Politics,IMPACT,0.40129587054252625,False
394,Second Seasons That Were Better Than the First,Entertainment,ENTERTAINMENT,0.6706885695457458,False
397,Harvard Student Groups Revive Latinx Artist of the Year Award at Annual Ritmo Latino Showcase,Culture,LATINO VOICES,0.9533689022064209,False
401,‘Soul on Fire’ Review: Perseverance Is the Name of the Game,Arts & Entertainment,ENTERTAINMENT,0.4586745500564575,False
404,"Home Advantage: Harvard Women’s Tennis, Yakoff Impress at ITA Regionals",Sports,SPORTS,0.7505208849906921,False
417,"Home Away From Home: The Harvard Undergraduate Rural League Launches Advocacy, Affinity Efforts",Education,EDUCATION,0.7228495478630066,False
419,Puritan & Company Review: Tasteful New England Fare,Lifestyle,FOOD & DRINK,0.6912601590156555,False
423,Editor's Note: The 60th Annual Head of the Charles Regatta,Sports,EDUCATION,0.33470404148101807,False
518,"Spring Term Update
",Education,EDUCATION,0.5334437489509583,False
560,"National Voter Registration Day
",Politics,EDUCATION,0.7754131555557251,False
586,The MBA Section Experience: Connections and Camaraderie,Education,EDUCATION,0.8845185041427612,False
